Date,Country,Region,EV Sales,Market Share %
2020-01-31,Australia,Asia,20508,6.666666666666667
2020-01-31,Australia,Asia,7582,6.666666666666667
2020-01-31,Australia,Asia,19208,6.666689805254079
2020-01-31,Belgium,Asia,114,6.666666666666667
2020-01-31,Belgium,Oceania,104,6.670942912123155
2020-01-31,Canada,Asia,2571,6.666839539466861
2020-01-31,Canada,South America,1222,6.666666666666667
2020-01-31,Denmark,Asia,2674,6.666832880400908
2020-01-31,Denmark,South America,19784,6.666689131584888
2020-01-31,Denmark,Asia,66669,6.666673333106675
2020-01-31,Finland,North America,842,6.667194552221078
2020-01-31,India,Europe,2018,6.666666666666667
2020-01-31,Italy,Asia,3385,6.666666666666667
2020-01-31,Japan,North America,3142,6.666666666666667
2020-01-31,Japan,Asia,2441,6.666666666666667
2020-01-31,Japan,North America,175752,6.666666666666667
2020-01-31,Netherlands,North America,2133,6.666666666666667
2020-01-31,Netherlands,Europe,3659,6.666666666666667
2020-01-31,South Korea,Asia,396,6.666666666666667
2020-01-31,South Korea,South America,672,6.667328107947217
2020-01-31,South Korea,Oceania,4686,6.666666666666667
2020-01-31,South Korea,Asia,34699,6.666666666666667
2020-02-29,Australia,Asia,271,6.666666666666667
2020-02-29,Australia,Asia,41560,6.666677360727238
2020-02-29,Austria,Europe,6342,6.666666666666667
2020-02-29,Austria,Europe,381,6.667833391669584
2020-02-29,Belgium,Oceania,883,6.666666666666667
2020-02-29,Belgium,Asia,2165,6.666871959105746
2020-02-29,Belgium,Asia,1509,6.6669612088009185
2020-02-29,Belgium,Oceania,1412,6.666666666666667
2020-02-29,Canada,South America,1979,6.666891254547905
2020-02-29,Canada,South America,62068,6.666673827279572
2020-02-29,Canada,Asia,3514,6.666793147280351
2020-02-29,Canada,Asia,1443,6.666666666666667
2020-02-29,Denmark,Asia,4373,6.666666666666667
2020-02-29,Denmark,South America,5446,6.666666666666667
2020-02-29,Denmark,Asia,3798,6.666666666666667
2020-02-29,Denmark,South America,5404,6.666748911286841
2020-02-29,Denmark,Asia,1541,6.666666666666667
2020-02-29,Denmark,Asia,13111,6.6667005654313956
2020-02-29,Finland,North America,10321,6.6667097290942685
2020-02-29,Germany,Asia,8093,6.666666666666667
2020-02-29,India,Europe,2945,6.666666666666667
2020-02-29,India,Europe,1381,6.666988510186347
2020-02-29,Italy,North America,46609,6.666676202273098
2020-02-29,Netherlands,Europe,58609,6.66667424988682
2020-02-29,Netherlands,North America,1127,6.667061050638902
2020-02-29,Netherlands,North America,56558,6.666666666666667
2020-02-29,Netherlands,North America,9784,6.666666666666667
2020-02-29,New Zealand,North America,5462,6.666748037935285
2020-03-31,Belgium,Oceania,9012,6.666715983991596
2020-03-31,Belgium,Oceania,10962,6.666707211015089
2020-03-31,Belgium,Asia,18979,6.666666666666667
2020-03-31,Belgium,Asia,6978,6.666730359514278
2020-03-31,Belgium,Asia,18021,6.666666666666667
2020-03-31,Belgium,Asia,4509,6.666765236419553
2020-03-31,Belgium,Oceania,3115,6.666809348514683
2020-03-31,Canada,South America,44178,6.666676726993416
2020-03-31,Denmark,Asia,3774,6.666666666666667
2020-03-31,Denmark,Asia,3497,6.666793762153506
2020-03-31,Denmark,Asia,1030,6.667098194057868
2020-03-31,Denmark,South America,3180,6.666666666666667
2020-03-31,Denmark,South America,17554,6.666666666666667
2020-03-31,Denmark,Asia,5478,6.666666666666667
2020-03-31,Denmark,Asia,1767,6.66691820102626
2020-03-31,Denmark,Asia,2517,6.666666666666667
2020-03-31,Japan,Asia,12475,6.666702293666233
2020-03-31,Japan,Asia,7338,6.666727234734575
2020-03-31,Japan,Asia,609,6.667396540398511
2020-03-31,Netherlands,Europe,3389,6.666797812487705
2020-03-31,New Zealand,North America,9581,6.666713055095537
2020-03-31,New Zealand,North America,17248,6.666666666666667
2020-03-31,Norway,Europe,2410,6.6668510885501675
2020-03-31,Norway,Europe,29857,6.666681552470225
2020-03-31,South Korea,South America,586,6.6674251905791335
2020-03-31,South Korea,Oceania,7352,6.666666666666667
2020-03-31,South Korea,Oceania,4105,6.666666666666667
2020-03-31,South Korea,South America,3052,6.666666666666667
2020-03-31,South Korea,Oceania,30287,6.666681341128407
2020-04-30,Australia,Asia,2475,6.666666666666667
2020-04-30,Australia,Asia,28190,6.666682432736036
2020-04-30,Austria,Europe,23208,6.666666666666667
2020-04-30,Denmark,Asia,1097,6.667071836635468
2020-04-30,Denmark,Asia,1027,6.6670994546870945
2020-04-30,Denmark,South America,1253,6.667021389805257
2020-04-30,Denmark,South America,14029,6.666666666666667
2020-04-30,Denmark,South America,23147,6.666666666666667
2020-04-30,Denmark,Asia,26193,6.6666836347717195
2020-04-30,Denmark,Asia,7867,6.666723161926715
2020-04-30,Finland,North America,4574,6.666666666666667
2020-04-30,Finland,North America,3657,6.666788201407373
2020-04-30,Germany,Asia,55186,6.66667472024876
2020-04-30,Italy,Asia,29811,6.666666666666667
2020-04-30,Japan,North America,13071,6.666666666666667
2020-04-30,Japan,North America,25352,6.666666666666667
2020-04-30,Japan,North America,3353,6.666666666666667
2020-04-30,Japan,Asia,37023,6.6666786712380075
2020-04-30,Netherlands,Europe,23319,6.666666666666667
2020-04-30,Netherlands,North America,13113,6.666666666666667
2020-04-30,South Korea,Asia,5190,6.666666666666667
2020-05-31,Australia,Asia,2491,6.666666666666667
2020-05-31,Canada,South America,750,6.667259311938839
2020-05-31,Canada,Asia,22520,6.666686402268805
2020-05-31,Denmark,Asia,2571,6.666666666666667
2020-05-31,Denmark,Asia,3280,6.666802170775829
2020-05-31,Denmark,Asia,1574,6.666949044855776
2020-05-31,Denmark,South America,3264,6.666802835025225
2020-05-31,Denmark,South America,48860,6.666675762963246
2020-05-31,Denmark,Asia,4950,6.666666666666667
2020-05-31,Denmark,Asia,2386,6.666852943641902
2020-05-31,Denmark,Asia,38475,6.666678218199208
2020-05-31,Denmark,Asia,27269,6.666666666666667
2020-05-31,Finland,North America,435,6.666666666666667
2020-05-31,Germany,Asia,1235,6.667026560138199
2020-05-31,India,Europe,3033,6.666813206137073
2020-05-31,Italy,South America,1436,6.666976182738289
2020-05-31,Italy,North America,22576,6.666686353314296
2020-05-31,Italy,Asia,9353,6.666666666666667
2020-05-31,Netherlands,Europe,1308,6.666666666666667
2020-05-31,Netherlands,North America,10761,6.666666666666667
2020-05-31,Netherlands,Europe,3626,6.666789240471418
2020-05-31,New Zealand,North America,30055,6.666666666666667
2020-05-31,Norway,Europe,12467,6.6667023165279895
2020-05-31,Norway,Europe,8048,6.666666666666667
2020-05-31,Norway,Europe,1564,6.666666666666667
2020-06-30,Australia,Asia,825,6.666666666666667
2020-06-30,Belgium,Oceania,8979,6.666666666666667
2020-06-30,Belgium,Asia,83269,6.666666666666667
2020-06-30,Canada,Asia,2816,6.666824498686048
2020-06-30,Denmark,Asia,2167,6.6668717696283535
2020-06-30,Denmark,Asia,12196,6.666703108686502
2020-06-30,Denmark,Asia,14113,6.666698158662976
2020-06-30,Denmark,Asia,83171,6.666666666666667
2020-06-30,Denmark,South America,16601,6.666693438923113
2020-06-30,Denmark,Asia,44168,6.666666666666667
2020-06-30,Finland,North America,5126,6.666753371743682
2020-06-30,Germany,Asia,1078,6.666666666666667
2020-06-30,India,Europe,388,6.666666666666667
2020-06-30,Italy,South America,4871,6.666666666666667
2020-06-30,Japan,North America,21625,6.666687219074278
2020-06-30,Japan,North America,16540,6.666693537660369
2020-06-30,Japan,Asia,12739,6.666666666666667
2020-06-30,Netherlands,Europe,1000,6.666666666666667
2020-06-30,Netherlands,North America,2682,6.666666666666667
2020-06-30,Netherlands,North America,80712,6.666666666666667
2020-06-30,Norway,Europe,10776,6.666666666666667
2020-06-30,South Korea,Oceania,3577,6.666790919595929
2020-06-30,South Korea,Asia,17846,6.666666666666667
2020-06-30,South Korea,Asia,1398,6.666666666666667
2020-07-31,Belgium,Oceania,3827,6.666666666666667
2020-07-31,Belgium,Asia,788,6.666666666666667
2020-07-31,Belgium,Asia,23796,6.666685343994352
2020-07-31,Denmark,Asia,1271,6.666666666666667
2020-07-31,Denmark,Asia,5945,6.666741426873305
2020-07-31,Denmark,Asia,2637,6.666835212620721
2020-07-31,Denmark,Asia,739,6.666666666666667
2020-07-31,Denmark,Asia,5015,6.666666666666667
2020-07-31,Finland,North America,2386,6.666852943641902
2020-07-31,Japan,Asia,331,6.666666666666667
2020-07-31,Netherlands,North America,29802,6.6666815799422405
2020-07-31,Netherlands,North America,855,6.666666666666667
2020-07-31,New Zealand,North America,11643,6.666666666666667
2020-07-31,New Zealand,North America,1727,6.666666666666667
2020-07-31,Norway,Europe,17271,6.666666666666667
2020-08-31,Australia,Asia,4917,6.666666666666667
2020-08-31,Austria,Europe,1225,6.667029498203984
2020-08-31,Canada,South America,1660,6.666934415036748
2020-08-31,Denmark,South America,2171,6.666666666666667
2020-08-31,Denmark,South America,388,6.667812338889843
2020-08-31,Denmark,Asia,34419,6.666679579456268
2020-08-31,Finland,North America,620,6.666666666666667
2020-08-31,Finland,North America,14250,6.666666666666667
2020-08-31,Finland,North America,2988,6.666815413106049
2020-08-31,Germany,Asia,3093,6.666666666666667
2020-08-31,Germany,Asia,5791,6.666743414993554
2020-08-31,India,Europe,906,6.667157259548164
2020-08-31,Italy,Asia,450,6.666666666666667
2020-08-31,Italy,South America,16456,6.666693674824481
2020-08-31,Italy,North America,27415,6.666666666666667
2020-08-31,Japan,North America,7328,6.666727317388259
2020-08-31,Japan,Asia,17809,6.666666666666667
2020-08-31,Netherlands,Europe,35556,6.666679166533855
2020-08-31,Netherlands,North America,28735,6.666666666666667
2020-08-31,Netherlands,Europe,7130,6.666666666666667
2020-08-31,Netherlands,North America,2993,6.666666666666667
2020-08-31,Netherlands,North America,2785,6.666826255565662
2020-08-31,New Zealand,North America,49383,6.666666666666667
2020-08-31,New Zealand,North America,24462,6.666666666666667
2020-08-31,Norway,Europe,7195,6.666666666666667
2020-08-31,South Korea,South America,535,6.666666666666667
2020-08-31,South Korea,Asia,2333,6.666857175515803
2020-08-31,South Korea,South America,1117,6.666666666666667
2020-08-31,South Korea,South America,176667,6.66666918238614
2020-08-31,South Korea,South America,1333,6.667000100030009
2020-08-31,South Korea,Oceania,7623,6.666666666666667
2020-09-30,Australia,Asia,285,6.668226485727656
2020-09-30,Austria,Europe,8619,6.6667182327279475
2020-09-30,Austria,Europe,25879,6.666683840652886
2020-09-30,Austria,Europe,942,6.667138509448652
2020-09-30,Austria,Europe,876,6.666666666666667
2020-09-30,Belgium,Oceania,2750,6.666666666666667
2020-09-30,Belgium,Asia,260,6.666666666666667
2020-09-30,Canada,South America,1541,6.666666666666667
2020-09-30,Canada,Asia,35133,6.666679317032072
2020-09-30,Denmark,Asia,1664,6.666666666666667
2020-09-30,Denmark,Asia,4681,6.666761614492836
2020-09-30,Denmark,Asia,5752,6.6667439353724545
2020-09-30,Denmark,Asia,12087,6.666666666666667
2020-09-30,Denmark,Asia,35792,6.666666666666667
2020-09-30,Germany,Asia,1897,6.666900962957756
2020-09-30,Germany,Asia,11437,6.666705527122656
2020-09-30,Germany,Asia,1135,6.666666666666667
2020-09-30,India,Europe,960,6.666666666666667
2020-09-30,India,Europe,2182,6.666666666666667
2020-09-30,India,Europe,28929,6.666666666666667
2020-09-30,Italy,South America,2880,6.666666666666667
2020-09-30,Italy,Asia,7720,6.666724237687717
2020-09-30,Italy,Asia,9672,6.666712618642256
2020-09-30,Japan,Asia,192893,6.666666666666667
2020-09-30,Japan,North America,2748,6.666828404376622
2020-09-30,Netherlands,North America,73814,6.666666666666667
2020-09-30,New Zealand,North America,984,6.666666666666667
2020-09-30,Norway,Europe,4481,6.666666666666667
2020-09-30,South Korea,Asia,1400,6.666984142102004
2020-10-31,Belgium,Asia,38111,6.666666666666667
2020-10-31,Canada,South America,567,6.667450611476952
2020-10-31,Canada,Asia,1386,6.66698734907884
2020-10-31,Canada,South America,6713,6.666666666666667
2020-10-31,Denmark,Asia,29557,6.666681703559683
2020-10-31,Denmark,Asia,309,6.666666666666667
2020-10-31,Denmark,Asia,350,6.667936749857116
2020-10-31,Germany,Asia,5527,6.6667470809611125
2020-10-31,Germany,Asia,9147,6.666666666666667
2020-10-31,Germany,Asia,62456,6.666666666666667
2020-10-31,Italy,Asia,1081,6.666666666666667
2020-10-31,Italy,South America,1393,6.666666666666667
2020-10-31,Japan,Asia,1538,6.666955654774806
2020-10-31,Japan,North America,15884,6.666666666666667
2020-10-31,Netherlands,Europe,14090,6.666698210069601
2020-10-31,South Korea,Oceania,28024,6.666666666666667
2020-10-31,South Korea,South America,42728,6.6666770683970995
2020-11-30,Austria,Europe,689,6.666666666666667
2020-11-30,Belgium,Asia,134495,6.666666666666667
2020-11-30,Canada,Asia,4837,6.666666666666667
2020-11-30,Denmark,Asia,118567,6.6666704151354175
2020-11-30,Denmark,Asia,2088,6.666666666666667
2020-11-30,Denmark,Asia,68495,6.666673155386676
2020-11-30,Finland,North America,11835,6.6667042202744415
2020-11-30,Finland,North America,868,6.666666666666667
2020-11-30,India,Europe,1289,6.6670114823626765
2020-11-30,India,Europe,9651,6.666666666666667
2020-11-30,India,Europe,647,6.666666666666667
2020-11-30,Italy,South America,2336,6.666666666666667
2020-11-30,Netherlands,Europe,34164,6.666679675837482
2020-11-30,Netherlands,North America,18639,6.66669051161726
2020-11-30,Netherlands,Europe,1976,6.666891595532913
2020-11-30,Netherlands,North America,18731,6.666666666666667
2020-11-30,Netherlands,Europe,45118,6.666676517393674
2020-11-30,New Zealand,North America,4872,6.666757892144118
2020-11-30,New Zealand,North America,741,6.667266510707217
2020-11-30,South Korea,South America,1770,6.666666666666667
2020-11-30,South Korea,Asia,3188,6.666666666666667
2020-11-30,South Korea,Asia,16352,6.66669384659918
2020-11-30,South Korea,South America,3851,6.666666666666667
2020-11-30,South Korea,Oceania,1974,6.6668918234320635
2020-11-30,South Korea,Oceania,4209,6.666666666666667
2020-12-31,Australia,Asia,5796,6.666666666666667
2020-12-31,Austria,Europe,37084,6.666678651491481
2020-12-31,Austria,Europe,2228,6.666866153984261
2020-12-31,Belgium,Asia,4603,6.666666666666667
2020-12-31,Belgium,Oceania,2126,6.666875725171689
2020-12-31,Canada,South America,7882,6.666666666666667
2020-12-31,Canada,South America,3801,6.6667835970112606
2020-12-31,Canada,Asia,8331,6.666720015364424
2020-12-31,Canada,Asia,5786,6.666666666666667
2020-12-31,Canada,South America,5620,6.666745750246148
2020-12-31,Canada,South America,1541,6.666955092151943
2020-12-31,Denmark,Asia,8328,6.666666666666667
2020-12-31,Denmark,Asia,2180,6.666666666666667
2020-12-31,Denmark,Asia,2060,6.6668824233793975
2020-12-31,Denmark,Asia,7165,6.66672869717327
2020-12-31,Finland,North America,37131,6.666666666666667
2020-12-31,Germany,Asia,4680,6.666666666666667
2020-12-31,Italy,North America,365555,6.666666666666667
2020-12-31,Italy,Asia,56302,6.666666666666667
2020-12-31,Japan,Asia,5236,6.666751550185259
2020-12-31,Netherlands,Europe,10432,6.66670927089258
2020-12-31,Netherlands,North America,2001,6.666666666666667
2020-12-31,Netherlands,North America,23289,6.666685750599713
2020-12-31,Norway,Europe,34243,6.666666666666667
2020-12-31,South Korea,Asia,6961,6.666666666666667
2020-12-31,South Korea,Asia,46107,6.66667630609424
2020-12-31,South Korea,Oceania,1381,6.666988510186347
2021-01-31,Australia,Asia,5772,6.666666666666667
2021-01-31,Australia,Asia,1607,6.666666666666667
2021-01-31,Austria,Europe,19448,6.666689519709035
2021-01-31,Austria,Europe,6899,6.66673108886398
2021-01-31,Belgium,Asia,6332,6.666736857621158
2021-01-31,Belgium,Asia,2339,6.666666666666667
2021-01-31,Canada,South America,3083,6.666666666666667
2021-01-31,Denmark,Asia,3822,6.666666666666667
2021-01-31,Denmark,South America,7825,6.666723465162643
2021-01-31,Denmark,Asia,3490,6.66679401707769
2021-01-31,Denmark,Asia,1622,6.666940688067738
2021-01-31,Denmark,Asia,26770,6.666666666666667
2021-01-31,Denmark,Asia,6394,6.666666666666667
2021-01-31,Denmark,Asia,2976,6.6668160129035146
2021-01-31,India,Europe,3608,6.6667898519928315
2021-01-31,Italy,Asia,19054,6.666666666666667
2021-01-31,Italy,North America,16700,6.666693280212696
2021-01-31,Italy,Asia,2816,6.666824498686048
2021-01-31,Japan,Asia,36012,6.666666666666667
2021-01-31,Netherlands,Europe,8520,6.666718831915743
2021-01-31,Netherlands,Europe,25394,6.666684168659706
2021-01-31,Norway,Europe,7501,6.666725918552357
2021-01-31,South Korea,Oceania,28988,6.666666666666667
2021-01-31,South Korea,South America,1971,6.666666666666667
2021-01-31,South Korea,Oceania,21724,6.666666666666667
2021-01-31,South Korea,South America,5393,6.6667490790417085
2021-02-28,Australia,Asia,11561,6.666666666666667
2021-02-28,Austria,Europe,4412,6.666666666666667
2021-02-28,Belgium,Asia,2223,6.66686660268714
2021-02-28,Belgium,Asia,3146,6.666666666666667
2021-02-28,Denmark,Asia,532,6.667502193257301
2021-02-28,Denmark,South America,243,6.6684961580680575
2021-02-28,Denmark,Asia,2125,6.666666666666667
2021-02-28,Finland,North America,99801,6.666666666666667
2021-02-28,Japan,Asia,8060,6.666721809113392
2021-02-28,Japan,North America,72190,6.666672823265293
2021-02-28,Japan,Asia,1347,6.666996634329836
2021-02-28,Norway,Europe,3144,6.666808032401026
2021-02-28,South Korea,Asia,4929,6.666666666666667
2021-02-28,South Korea,South America,10909,6.666666666666667
2021-02-28,South Korea,Oceania,3821,6.666782984960045
2021-03-31,Austria,Europe,262,6.668363451259863
2021-03-31,Austria,Europe,6654,6.666733460910339
2021-03-31,Belgium,Oceania,3679,6.666787474630327
2021-03-31,Belgium,Oceania,3638,6.666666666666667
2021-03-31,Belgium,Asia,1164,6.667048513660576
2021-03-31,Canada,South America,6235,6.66673794961721
2021-03-31,Canada,South America,36515,6.666666666666667
2021-03-31,Canada,Asia,2283,6.666666666666667
2021-03-31,Canada,South America,3281,6.666802129475352
2021-03-31,Denmark,Asia,4650,6.666762247487419
2021-03-31,Denmark,Asia,6600,6.666734007414216
2021-03-31,Denmark,Asia,16088,6.6666942926168264
2021-03-31,Finland,North America,2290,6.666860752860345
2021-03-31,Finland,North America,8165,6.666721099988569
2021-03-31,Finland,North America,20294,6.666666666666667
2021-03-31,Germany,Asia,8689,6.666717817300167
2021-03-31,India,Europe,18742,6.66669038057262
2021-03-31,Italy,North America,10371,6.666666666666667
2021-03-31,Italy,South America,30591,6.666666666666667
2021-03-31,Italy,North America,4323,6.666666666666667
2021-03-31,Italy,North America,56666,6.666674509905422
2021-03-31,Italy,South America,4234,6.666771638665386
2021-03-31,Japan,Asia,1765,6.666918486061796
2021-03-31,Japan,North America,326,6.668030272039271
2021-03-31,Japan,Asia,747,6.667261692252767
2021-03-31,Netherlands,Europe,8324,6.666666666666667
2021-03-31,Norway,Europe,949,6.667135028804272
2021-03-31,South Korea,South America,29934,6.666666666666667
2021-03-31,South Korea,Asia,9143,6.666715277372688
2021-03-31,South Korea,South America,108139,6.666666666666667
2021-03-31,South Korea,South America,29229,6.666666666666667
2021-04-30,Australia,Asia,2575,6.6668392709196365
2021-04-30,Belgium,Oceania,8250,6.666666666666667
2021-04-30,Canada,South America,19092,6.666689945841001
2021-04-30,Canada,Asia,4043,6.666666666666667
2021-04-30,Canada,Asia,13667,6.666699186357339
2021-04-30,Denmark,Asia,3115,6.666809348514683
2021-04-30,Denmark,Asia,1060,6.666666666666667
2021-04-30,Denmark,Asia,10902,6.666666666666667
2021-04-30,Denmark,Asia,12143,6.666666666666667
2021-04-30,Denmark,South America,21779,6.666666666666667
2021-04-30,Denmark,South America,14083,6.666666666666667
2021-04-30,Finland,North America,830,6.6672021849144505
2021-04-30,Finland,North America,32121,6.666680503264745
2021-04-30,Finland,North America,1985,6.666666666666667
2021-04-30,India,Europe,2278,6.666861775293395
2021-04-30,Italy,North America,2096,6.66687871751646
2021-04-30,Italy,North America,417,6.666666666666667
2021-04-30,Italy,Asia,2026,6.666886044292343
2021-04-30,Italy,North America,27662,6.666666666666667
2021-04-30,Italy,Asia,9256,6.666714683914463
2021-04-30,Italy,Asia,292927,6.666666666666667
2021-04-30,Japan,North America,754,6.666666666666667
2021-04-30,Japan,Asia,41716,6.666666666666667
2021-04-30,Netherlands,Europe,34732,6.666666666666667
2021-04-30,New Zealand,North America,1646,6.666666666666667
2021-04-30,New Zealand,North America,5353,6.666749694871347
2021-04-30,Norway,Europe,5025,6.6667551144957145
2021-04-30,South Korea,Asia,2065,6.666881900949183
2021-04-30,South Korea,South America,6084,6.666739718822254
2021-05-31,Australia,Asia,2275,6.666862032587035
2021-05-31,Austria,Europe,6856,6.666731492916112
2021-05-31,Austria,Europe,106,6.670862177470108
2021-05-31,Belgium,Oceania,5104,6.666753745477344
2021-05-31,Belgium,Asia,1516,6.666666666666667
2021-05-31,Belgium,Oceania,644,6.6673568692411225
2021-05-31,Belgium,Oceania,925,6.667147181778867
2021-05-31,Canada,South America,20012,6.6666888756375355
2021-05-31,Canada,Asia,22506,6.666666666666667
2021-05-31,Canada,South America,13661,6.666699200640269
2021-05-31,Canada,South America,778,6.666666666666667
2021-05-31,Denmark,Asia,378,6.666666666666667
2021-05-31,Finland,North America,25511,6.66668408839086
2021-05-31,Finland,North America,24833,6.66668456404667
2021-05-31,Finland,North America,13035,6.666700763077678
2021-05-31,India,Europe,12541,6.666702106169662
2021-05-31,India,Europe,418,6.667730100494497
2021-05-31,Italy,South America,26524,6.666666666666667
2021-05-31,Italy,Asia,4560,6.6667641339785675
2021-05-31,Italy,North America,370547,6.666667866094874
2021-05-31,Italy,South America,87725,6.666666666666667
2021-05-31,Italy,Asia,639,6.667362270450751
2021-05-31,Italy,North America,195702,6.666666666666667
2021-05-31,Japan,Asia,4357,6.666666666666667
2021-05-31,Japan,Asia,754,6.666666666666667
2021-05-31,Netherlands,North America,559,6.666666666666667
2021-05-31,Norway,Europe,159223,6.666666666666667
2021-05-31,Norway,Europe,1102,6.666666666666667
2021-05-31,Norway,Europe,34744,6.666679458668084
2021-05-31,Norway,Europe,433,6.666666666666667
2021-05-31,South Korea,Asia,20867,6.666666666666667
2021-05-31,South Korea,South America,19820,6.666666666666667
2021-05-31,South Korea,South America,6449,6.666735584179295
2021-05-31,South Korea,South America,8170,6.666666666666667
2021-06-30,Australia,Asia,12049,6.666666666666667
2021-06-30,Belgium,Asia,72601,6.666666666666667
2021-06-30,Belgium,Asia,22268,6.666686625611118
2021-06-30,Canada,South America,621,6.666666666666667
2021-06-30,Canada,Asia,16161,6.666666666666667
2021-06-30,Denmark,Asia,561,6.666666666666667
2021-06-30,Germany,Asia,4152,6.666666666666667
2021-06-30,India,Europe,37498,6.6666785191717235
2021-06-30,Italy,Asia,4989,6.666666666666667
2021-06-30,Italy,South America,12331,6.666702709716485
2021-06-30,Japan,North America,3177,6.666666666666667
2021-06-30,Japan,Asia,5815,6.666743098229845
2021-06-30,Japan,North America,78413,6.666666666666667
2021-06-30,Netherlands,Europe,111242,6.666666666666667
2021-06-30,Netherlands,Europe,19110,6.666666666666667
2021-06-30,Netherlands,Europe,43369,6.666676914657804
2021-06-30,New Zealand,North America,13058,6.666700703020896
2021-06-30,Norway,Europe,30198,6.666681384377298
2021-06-30,Norway,Europe,4363,6.666768534930628
2021-06-30,South Korea,South America,9448,6.666666666666667
2021-06-30,South Korea,Asia,12378,6.666666666666667
2021-06-30,South Korea,Asia,2276,6.666666666666667
2021-06-30,South Korea,Asia,24441,6.666684851096793
2021-06-30,South Korea,Oceania,2464,6.6668470467274545
2021-06-30,South Korea,South America,413,6.667742977074588
2021-07-31,Belgium,Asia,375,6.667852062588904
2021-07-31,Belgium,Asia,4134,6.666666666666667
2021-07-31,Belgium,Asia,5504,6.666666666666667
2021-07-31,Canada,South America,650,6.667350497486922
2021-07-31,Denmark,Asia,11506,6.666666666666667
2021-07-31,Denmark,Asia,27594,6.666682773266587
2021-07-31,Denmark,South America,772,6.666666666666667
2021-07-31,Denmark,South America,728,6.666666666666667
2021-07-31,Denmark,Asia,13171,6.666700411006053
2021-07-31,Denmark,Asia,3454,6.666795344438226
2021-07-31,Germany,Asia,48023,6.666666666666667
2021-07-31,India,Europe,17003,6.66669280594721
2021-07-31,Italy,Asia,11196,6.666666666666667
2021-07-31,Italy,South America,2369,6.666854280407497
2021-07-31,Italy,South America,217,6.668715427166565
2021-07-31,Italy,North America,3749,6.6667852189067105
2021-07-31,Japan,North America,987,6.667116995406647
2021-07-31,Japan,Asia,19273,6.666666666666667
2021-07-31,Norway,Europe,13474,6.666666666666667
2021-07-31,South Korea,Oceania,5429,6.666748532553971
2021-07-31,South Korea,Oceania,1613,6.666942217078614
2021-08-31,Australia,Asia,11017,6.666707008604936
2021-08-31,Australia,Asia,6344,6.666736724849988
2021-08-31,Austria,Europe,4582,6.666666666666667
2021-08-31,Austria,Europe,13837,6.666666666666667
2021-08-31,Canada,South America,3542,6.666666666666667
2021-08-31,Canada,Asia,11544,6.666705166927506
2021-08-31,Canada,Asia,3918,6.666780105157481
2021-08-31,Canada,South America,3573,6.666666666666667
2021-08-31,Denmark,Asia,6813,6.666731902068615
2021-08-31,Denmark,Asia,22580,6.666666666666667
2021-08-31,Denmark,Asia,415774,6.666666666666667
2021-08-31,Denmark,Asia,20967,6.666666666666667
2021-08-31,Denmark,Asia,7298,6.666727566708383
2021-08-31,Denmark,Asia,3436,6.666666666666667
2021-08-31,Denmark,Asia,1454,6.666972350864323
2021-08-31,Finland,North America,1622,6.666940688067738
2021-08-31,Finland,North America,10162,6.666666666666667
2021-08-31,India,Europe,4707,6.666761090023228
2021-08-31,Italy,North America,1944,6.666895298192668
2021-08-31,Italy,Asia,15307,6.666666666666667
2021-08-31,Japan,North America,6151,6.6667389230902625
2021-08-31,Japan,North America,1266,6.666666666666667
2021-08-31,Japan,North America,9930,6.666711424715841
2021-08-31,Japan,Asia,130,6.670087224217546
2021-08-31,Netherlands,Europe,11204,6.666706335275112
2021-08-31,Netherlands,North America,9739,6.666666666666667
2021-08-31,South Korea,Oceania,82686,6.666666666666667
2021-08-31,South Korea,Oceania,2236,6.666666666666667
2021-08-31,South Korea,South America,6625,6.666733753295631
2021-08-31,South Korea,Oceania,6229,6.666666666666667
2021-08-31,South Korea,Oceania,2629,6.6668357255160515
2021-08-31,South Korea,Asia,2652,6.666666666666667
2021-09-30,Austria,Europe,9603,6.666666666666667
2021-09-30,Belgium,Oceania,3142,6.666666666666667
2021-09-30,Canada,South America,714,6.666666666666667
2021-09-30,Canada,Asia,491,6.667571971754481
2021-09-30,Canada,South America,3545,6.666792041223155
2021-09-30,Denmark,Asia,14104,6.666698178758644
2021-09-30,Denmark,Asia,1637,6.66693817707909
2021-09-30,Denmark,South America,32313,6.666666666666667
2021-09-30,Denmark,South America,21615,6.666666666666667
2021-09-30,Denmark,Asia,3020,6.666666666666667
2021-09-30,Finland,North America,12759,6.666666666666667
2021-09-30,Finland,North America,11253,6.666666666666667
2021-09-30,Finland,North America,6110,6.666666666666667
2021-09-30,Germany,Asia,9419,6.6667138529486705
2021-09-30,Germany,Asia,4070,6.666775868564595
2021-09-30,Italy,South America,156,6.666666666666667
2021-09-30,Italy,North America,1744,6.666666666666667
2021-09-30,Italy,Asia,2355,6.666666666666667
2021-09-30,Italy,North America,751,6.666666666666667
2021-09-30,Italy,Asia,7039,6.666666666666667
2021-09-30,Italy,Asia,1890,6.6669018307524075
2021-09-30,Italy,South America,2094,6.666666666666667
2021-09-30,Japan,Asia,28505,6.6666822585096375
2021-09-30,Japan,North America,26757,6.666683277106992
2021-09-30,Japan,Asia,5131,6.666666666666667
2021-09-30,New Zealand,North America,32781,6.666666666666667
2021-09-30,New Zealand,North America,2114,6.666876911917752
2021-09-30,New Zealand,North America,7735,6.666666666666667
2021-09-30,New Zealand,North America,32790,6.666666666666667
2021-09-30,Norway,Europe,8847,6.6667169037858685
2021-09-30,Norway,Europe,31049,6.666666666666667
2021-09-30,South Korea,Oceania,6313,6.66673706887448
2021-09-30,South Korea,Oceania,5454,6.666666666666667
2021-09-30,South Korea,Oceania,3366,6.666666666666667
2021-09-30,South Korea,Oceania,1520,6.666666666666667
2021-10-31,Austria,Europe,3996,6.666666666666667
2021-10-31,Belgium,Asia,1591,6.6669460274891055
2021-10-31,Canada,South America,3518,6.666666666666667
2021-10-31,Denmark,Asia,1466,6.666666666666667
2021-10-31,Denmark,Asia,64082,6.666673602232143
2021-10-31,Denmark,Asia,2602,6.666837479822696
2021-10-31,Italy,North America,35749,6.666666666666667
2021-10-31,Italy,North America,5147,6.666753017978342
2021-10-31,Italy,North America,3212,6.666666666666667
2021-10-31,Netherlands,North America,11630,6.666666666666667
2021-10-31,Netherlands,Europe,854,6.667187134046373
2021-10-31,Netherlands,Europe,6625,6.666733753295631
2021-10-31,New Zealand,North America,8168,6.666721079995757
2021-10-31,Norway,Europe,155504,6.666666666666667
2021-10-31,South Korea,South America,40393,6.666666666666667
2021-10-31,South Korea,Asia,1679,6.666931385006353
2021-11-30,Australia,Asia,7049,6.666666666666667
2021-11-30,Belgium,Asia,21777,6.666666666666667
2021-11-30,Canada,Asia,1293,6.666666666666667
2021-11-30,Denmark,Asia,2761,6.666827642826098
2021-11-30,Denmark,Asia,13059,6.666666666666667
2021-11-30,Denmark,South America,13966,6.66669849013552
2021-11-30,Denmark,Asia,661,6.667339116401048
2021-11-30,Denmark,South America,40637,6.6666776036249455
2021-11-30,Denmark,Asia,51789,6.666666666666667
2021-11-30,Finland,North America,1572,6.6669494041307935
2021-11-30,Italy,Asia,134904,6.666666666666667
2021-11-30,Italy,North America,14549,6.666697214916099
2021-11-30,Italy,South America,7224,6.666666666666667
2021-11-30,Japan,North America,8118,6.666666666666667
2021-11-30,Japan,North America,2489,6.666666666666667
2021-11-30,Japan,North America,47807,6.666675963319128
2021-11-30,Netherlands,North America,1955,6.666666666666667
2021-11-30,Netherlands,North America,4057,6.666776218490157
2021-11-30,New Zealand,North America,80490,6.666666666666667
2021-11-30,New Zealand,North America,17693,6.666691786551317
2021-11-30,South Korea,Asia,1660,6.666934415036748
2021-12-31,Austria,Europe,4452,6.666666666666667
2021-12-31,Austria,Europe,17008,6.666692798262772
2021-12-31,Belgium,Oceania,7912,6.666722840603645
2021-12-31,Belgium,Asia,8219,6.666720742350994
2021-12-31,Canada,Asia,4950,6.666666666666667
2021-12-31,Denmark,Asia,63711,6.666666666666667
2021-12-31,Denmark,Asia,23074,6.666685928421394
2021-12-31,Denmark,South America,526,6.667511725186969
2021-12-31,India,Europe,2554,6.666840690177243
2021-12-31,Italy,North America,76697,6.666672461480425
2021-12-31,Italy,North America,24751,6.666666666666667
2021-12-31,Italy,Asia,860,6.666666666666667
2021-12-31,Netherlands,North America,516,6.667528104406253
2021-12-31,Netherlands,Europe,3076,6.666811157589024
2021-12-31,Norway,Europe,45827,6.666666666666667
2021-12-31,South Korea,South America,16597,6.666693445375451
2022-01-31,Belgium,Oceania,3509,6.666793327506934
2022-01-31,Belgium,Oceania,3577,6.666790919595929
2022-01-31,Belgium,Oceania,1251,6.666666666666667
2022-01-31,Belgium,Oceania,5064,6.666754433312708
2022-01-31,Belgium,Oceania,4819,6.666666666666667
2022-01-31,Belgium,Oceania,537,6.666666666666667
2022-01-31,Canada,South America,1816,6.666666666666667
2022-01-31,Denmark,Asia,13292,6.666700103822368
2022-01-31,Finland,North America,753,6.667256950593235
2022-01-31,Finland,North America,2897,6.666820085607769
2022-01-31,Germany,Asia,336,6.667989680492162
2022-01-31,India,Europe,3390,6.666666666666667
2022-01-31,India,Europe,3410,6.666666666666667
2022-01-31,Italy,South America,8135,6.666721300727725
2022-01-31,Italy,North America,5089,6.666754002148453
2022-01-31,Italy,North America,2287,6.666861007462686
2022-01-31,Italy,South America,931,6.666666666666667
2022-01-31,Japan,Asia,16649,6.666693361736888
2022-01-31,Japan,Asia,2366,6.666666666666667
2022-01-31,Netherlands,Europe,14237,6.666697884375848
2022-01-31,Netherlands,Europe,293,6.666666666666667
2022-01-31,New Zealand,North America,1828,6.666909807068092
2022-01-31,South Korea,Oceania,2226,6.666666666666667
2022-01-31,South Korea,Oceania,8638,6.666666666666667
2022-01-31,South Korea,Oceania,4616,6.666666666666667
2022-02-28,Australia,Asia,248,6.668459263242807
2022-02-28,Australia,Asia,22301,6.666666666666667
2022-02-28,Austria,Europe,4385,6.666768023839206
2022-02-28,Belgium,Asia,4650,6.666666666666667
2022-02-28,Canada,South America,6040,6.666666666666667
2022-02-28,Denmark,South America,849,6.666666666666667
2022-02-28,Denmark,South America,470,6.666666666666667
2022-02-28,Denmark,South America,2184,6.666870173082207
2022-02-28,Germany,Asia,22317,6.666686581788419
2022-02-28,Germany,Asia,19668,6.666666666666667
2022-02-28,Italy,Asia,3318,6.666666666666667
2022-02-28,Italy,South America,7605,6.666666666666667
2022-02-28,Italy,Asia,8733,6.666666666666667
2022-02-28,Japan,North America,2964,6.666666666666667
2022-02-28,Japan,Asia,7165,6.666666666666667
2022-02-28,New Zealand,North America,4016,6.666777336941185
2022-02-28,New Zealand,North America,10149,6.666666666666667
2022-02-28,New Zealand,North America,1032,6.666666666666667
2022-02-28,South Korea,Asia,156,6.669516887558785
2022-02-28,South Korea,Oceania,9853,6.666666666666667
2022-02-28,South Korea,Oceania,3615,6.666666666666667
2022-03-31,Austria,Europe,5206,6.666752039339728
2022-03-31,Austria,Europe,9412,6.66671388804284
2022-03-31,Austria,Europe,3124,6.666666666666667
2022-03-31,Belgium,Oceania,14099,6.666666666666667
2022-03-31,Belgium,Asia,7966,6.666722459808015
2022-03-31,Denmark,South America,11227,6.6667062540082185
2022-03-31,Denmark,South America,9493,6.6667134851187555
2022-03-31,Denmark,Asia,4210,6.666666666666667
2022-03-31,Denmark,Asia,1506,6.666666666666667
2022-03-31,Denmark,Asia,98121,6.666671196224523
2022-03-31,Denmark,South America,21435,6.666687401251539
2022-03-31,Germany,Asia,6297,6.666737247760815
2022-03-31,India,Europe,37023,6.6666786712380075
2022-03-31,India,Europe,10500,6.666666666666667
2022-03-31,India,Europe,9182,6.666715070900101
2022-03-31,India,Europe,1519,6.666959269662922
2022-03-31,Italy,Asia,372,6.666666666666667
2022-03-31,Italy,North America,3413,6.666796890260578
2022-03-31,Italy,Asia,1240,6.666666666666667
2022-03-31,Italy,North America,545,6.666666666666667
2022-03-31,Netherlands,Europe,176,6.666666666666667
2022-03-31,Norway,Europe,340,6.666666666666667
2022-03-31,South Korea,South America,60785,6.666673978420092
2022-03-31,South Korea,Asia,1020,6.667102424995097
2022-03-31,South Korea,Asia,2998,6.666814916942783
2022-04-30,Australia,Asia,54238,6.666666666666667
2022-04-30,Austria,Europe,745,6.666666666666667
2022-04-30,Austria,Europe,7846,6.666666666666667
2022-04-30,Austria,Europe,20991,6.666666666666667
2022-04-30,Denmark,Asia,2453,6.666847855628635
2022-04-30,Denmark,South America,18593,6.666666666666667
2022-04-30,Denmark,South America,916,6.666666666666667
2022-04-30,Denmark,Asia,436,6.666666666666667
2022-04-30,Denmark,South America,7792,6.666723705712746
2022-04-30,Denmark,Asia,1525,6.666666666666667
2022-04-30,Germany,Asia,1322,6.666666666666667
2022-04-30,India,Europe,1977,6.666891481756256
2022-04-30,Italy,Asia,1367,6.666991806476785
2022-04-30,Japan,North America,3047,6.6668125328198835
2022-04-30,Japan,North America,937,6.666666666666667
2022-04-30,Japan,North America,28784,6.666682107379349
2022-04-30,South Korea,Oceania,953,6.667133062823562
2022-04-30,South Korea,South America,4924,6.666666666666667
2022-04-30,South Korea,South America,1243,6.666666666666667
2022-04-30,South Korea,Asia,9759,6.666712208984589
2022-04-30,South Korea,Asia,214,6.668744157058273
2022-04-30,South Korea,Asia,24769,6.666684610291386
2022-04-30,South Korea,Oceania,2577,6.666839136958659
2022-04-30,South Korea,Oceania,2842,6.6668230547280025
2022-05-31,Australia,Asia,11197,6.666666666666667
2022-05-31,Austria,Europe,9772,6.666666666666667
2022-05-31,Belgium,Asia,18797,6.666690311185512
2022-05-31,Belgium,Oceania,18031,6.666691315664932
2022-05-31,Belgium,Oceania,6996,6.666730195637466
2022-05-31,Canada,Asia,798,6.666666666666667
2022-05-31,Canada,Asia,3746,6.666785313851466
2022-05-31,Canada,South America,15238,6.6666958336432325
2022-05-31,Canada,South America,3811,6.666783290182632
2022-05-31,Denmark,Asia,10293,6.666666666666667
2022-05-31,Denmark,Asia,5142,6.666753101946091
2022-05-31,Denmark,Asia,921,6.666666666666667
2022-05-31,Denmark,Asia,5100,6.666666666666667
2022-05-31,Denmark,South America,569,6.667447855636278
2022-05-31,Denmark,Asia,6116,6.666666666666667
2022-05-31,Denmark,Asia,17732,6.666691731302095
2022-05-31,Finland,North America,8658,6.666718000446605
2022-05-31,Finland,North America,6663,6.666733370687584
2022-05-31,India,Europe,542,6.667486775741173
2022-05-31,India,Europe,20464,6.666666666666667
2022-05-31,Italy,South America,6535,6.666734677221905
2022-05-31,Italy,North America,14363,6.666697610515958
2022-05-31,Japan,Asia,1754,6.666666666666667
2022-05-31,Japan,North America,24587,6.666684743115585
2022-05-31,New Zealand,North America,4238,6.666666666666667
2022-05-31,South Korea,Asia,4134,6.666666666666667
2022-06-30,Australia,Asia,410,6.666666666666667
2022-06-30,Australia,Asia,10892,6.666707471584475
2022-06-30,Belgium,Asia,85454,6.666666666666667
2022-06-30,Belgium,Asia,111,6.666666666666667
2022-06-30,Denmark,Asia,20465,6.666688384032524
2022-06-30,Denmark,Asia,406,6.667761537198226
2022-06-30,Denmark,Asia,5777,6.666666666666667
2022-06-30,Denmark,Asia,37486,6.666678522965948
2022-06-30,Finland,North America,9046,6.666715798627744
2022-06-30,India,Europe,10634,6.666708461591508
2022-06-30,India,Europe,2989,6.666815363340323
2022-06-30,India,Europe,1931,6.66689683745339
2022-06-30,India,Europe,6722,6.666666666666667
2022-06-30,Italy,Asia,909,6.6671556403109875
2022-06-30,Italy,South America,69502,6.666666666666667
2022-06-30,Italy,North America,9672,6.666712618642256
2022-06-30,Italy,South America,2827,6.666823884539194
2022-06-30,Japan,North America,12506,6.666702205353192
2022-06-30,Japan,Asia,8402,6.666719564544668
2022-06-30,Netherlands,North America,16248,6.666666666666667
2022-06-30,Netherlands,North America,9464,6.666666666666667
2022-06-30,Netherlands,Europe,563,6.667456181904311
2022-06-30,South Korea,Oceania,311,6.668096054888507
2022-07-31,Austria,Europe,35857,6.666679061604078
2022-07-31,Austria,Europe,3928,6.666666666666667
2022-07-31,Austria,Europe,27308,6.666666666666667
2022-07-31,Austria,Europe,8365,6.666719798523997
2022-07-31,Belgium,Asia,68161,6.666666666666667
2022-07-31,Canada,South America,1254,6.667021106916901
2022-07-31,Denmark,Asia,148259,6.666666666666667
2022-07-31,Denmark,Asia,1640,6.666937680393511
2022-07-31,Finland,North America,43628,6.666676853819952
2022-07-31,Finland,North America,11641,6.666704846117723
2022-07-31,Germany,Asia,3607,6.666666666666667
2022-07-31,Germany,Asia,2173,6.666666666666667
2022-07-31,India,Europe,2842,6.6668230547280025
2022-07-31,Italy,South America,762,6.66724997812582
2022-07-31,Italy,Asia,330,6.666666666666667
2022-07-31,Japan,Asia,38113,6.666678327916682
2022-07-31,Netherlands,Europe,1220,6.666666666666667
2022-07-31,Netherlands,North America,6190,6.666738467834872
2022-07-31,Norway,Europe,71980,6.666672841227046
2022-07-31,Norway,Europe,4815,6.666666666666667
2022-07-31,South Korea,Oceania,2157,6.666872720529146
2022-08-31,Belgium,Oceania,9625,6.66671284303268
2022-08-31,Belgium,Oceania,89,6.666666666666667
2022-08-31,Belgium,Oceania,22671,6.666666666666667
2022-08-31,Canada,Asia,630,6.667372208699334
2022-08-31,Canada,Asia,140,6.669842782277274
2022-08-31,Denmark,Asia,34208,6.666679659104418
2022-08-31,Denmark,Asia,3090,6.666810502923472
2022-08-31,Denmark,South America,7413,6.666726621940033
2022-08-31,Finland,North America,1091,6.667074065020777
2022-08-31,Germany,Asia,3680,6.666666666666667
2022-08-31,Germany,Asia,3260,6.666666666666667
2022-08-31,Italy,North America,10703,6.666666666666667
2022-08-31,Italy,South America,416370,6.666667734093512
2022-08-31,Japan,North America,2276,6.666666666666667
2022-08-31,Netherlands,North America,4460,6.666766319376971
2022-08-31,Norway,Europe,500,6.666666666666667
2022-08-31,Norway,Europe,1301,6.66700830173209
2022-08-31,South Korea,Asia,208,6.668804103879449
2022-09-30,Australia,Asia,2054,6.666666666666667
2022-09-30,Australia,Asia,1491,6.666666666666667
2022-09-30,Austria,Europe,603,6.667403803626713
2022-09-30,Austria,Europe,1162,6.666666666666667
2022-09-30,Belgium,Asia,1130,6.666666666666667
2022-09-30,Belgium,Asia,420,6.667725035719956
2022-09-30,Canada,Asia,16510,6.666693586487327
2022-09-30,Denmark,Asia,15697,6.666694980760574
2022-09-30,Denmark,South America,3489,6.666666666666667
2022-09-30,Finland,North America,636,6.667365551944648
2022-09-30,Finland,North America,5409,6.666748835260187
2022-09-30,Finland,North America,29985,6.6666814889255495
2022-09-30,Finland,North America,6625,6.666733753295631
2022-09-30,Germany,Asia,15021,6.666696255004127
2022-09-30,Italy,Asia,58296,6.666674290602318
2022-09-30,Italy,South America,5021,6.666666666666667
2022-09-30,Italy,Asia,12788,6.6667014216527045
2022-09-30,Japan,North America,1625,6.666666666666667
2022-09-30,Norway,Europe,802,6.667220882866406
2022-09-30,South Korea,South America,134973,6.666666666666667
2022-10-31,Belgium,Oceania,20050,6.666666666666667
2022-10-31,Canada,Asia,1581,6.666666666666667
2022-10-31,Denmark,South America,34416,6.666679580581862
2022-10-31,Denmark,Asia,4281,6.666770486186813
2022-10-31,Germany,Asia,1194,6.666666666666667
2022-10-31,Italy,Asia,3763,6.666784777832896
2022-10-31,Italy,North America,56527,6.666674529191983
2022-10-31,Italy,Asia,15785,6.666666666666667
2022-10-31,Italy,North America,35516,6.666666666666667
2022-10-31,Italy,Asia,995,6.666666666666667
2022-10-31,Japan,North America,1675,6.666932017194714
2022-10-31,Japan,North America,6916,6.666666666666667
2022-10-31,Japan,Asia,3265,6.666666666666667
2022-10-31,Netherlands,Europe,5656,6.666666666666667
2022-10-31,Netherlands,North America,28915,6.666666666666667
2022-10-31,Netherlands,North America,848,6.666666666666667
2022-10-31,New Zealand,North America,16674,6.666666666666667
2022-10-31,New Zealand,North America,3318,6.666666666666667
2022-10-31,Norway,Europe,2367,6.666854438936458
2022-10-31,Norway,Europe,4298,6.666770075540182
2022-10-31,Norway,Europe,84654,6.6666719168000865
2022-10-31,South Korea,South America,2714,6.666666666666667
2022-11-30,Austria,Europe,6717,6.666666666666667
2022-11-30,Belgium,Oceania,6350,6.666736658652585
2022-11-30,Belgium,Asia,1448,6.6669736175698695
2022-11-30,Canada,Asia,805,6.666666666666667
2022-11-30,Canada,Asia,10505,6.666666666666667
2022-11-30,Denmark,Asia,7620,6.666666666666667
2022-11-30,Denmark,Asia,9322,6.666714343948681
2022-11-30,Denmark,Asia,6988,6.666730268367377
2022-11-30,Denmark,Asia,14579,6.666666666666667
2022-11-30,India,Europe,501,6.667553899387809
2022-11-30,Japan,North America,4760,6.666760038656004
2022-11-30,Netherlands,North America,554,6.667469009507762
2022-11-30,New Zealand,North America,359,6.666666666666667
2022-11-30,Norway,Europe,13302,6.666700078685304
2022-11-30,Norway,Europe,2954,6.666817125189013
2022-11-30,South Korea,Oceania,2262,6.666666666666667
2022-11-30,South Korea,Asia,16570,6.666693489010216
2022-11-30,South Korea,Oceania,331,6.666666666666667
2022-11-30,South Korea,Asia,346,6.667951435729427
2022-11-30,South Korea,Asia,3740,6.666785504197936
2022-11-30,South Korea,Oceania,5394,6.666666666666667
2022-11-30,South Korea,Oceania,4775,6.666759745336758
2022-11-30,South Korea,South America,131850,6.666666666666667
2022-12-31,Belgium,Asia,268,6.668325454093058
2022-12-31,Belgium,Oceania,25295,6.666684237159484
2022-12-31,Belgium,Asia,982,6.667119288478513
2022-12-31,Canada,South America,4286,6.666666666666667
2022-12-31,Denmark,Asia,14114,6.666666666666667
2022-12-31,Denmark,South America,2661,6.666833692438743
2022-12-31,Denmark,Asia,3650,6.666666666666667
2022-12-31,Denmark,South America,2719,6.666666666666667
2022-12-31,Germany,Asia,8262,6.666720460909069
2022-12-31,Italy,Asia,244,6.666666666666667
2022-12-31,Italy,North America,12966,6.666700944526426
2022-12-31,Italy,Asia,224,6.666666666666667
2022-12-31,Italy,Asia,68381,6.666673166204225
2022-12-31,Japan,Asia,2281,6.666861518676565
2022-12-31,Japan,North America,9536,6.666666666666667
2022-12-31,Japan,Asia,5648,6.666666666666667
2022-12-31,Netherlands,Europe,1457,6.666666666666667
2022-12-31,New Zealand,North America,42016,6.666666666666667
2022-12-31,Norway,Europe,1900,6.666666666666667
2022-12-31,Norway,Europe,2743,6.666828699202799
2022-12-31,South Korea,South America,2125,6.666666666666667
2023-01-31,Australia,Asia,337,6.66798575385833
2023-01-31,Australia,Asia,34871,6.666679412079593
2023-01-31,Austria,Europe,876,6.666666666666667
2023-01-31,Belgium,Asia,20724,6.666688112616974
2023-01-31,Canada,Asia,3764,6.666784746453179
2023-01-31,Canada,South America,3731,6.666666666666667
2023-01-31,Canada,South America,975,6.666666666666667
2023-01-31,Denmark,South America,53925,6.666666666666667
2023-01-31,Denmark,Asia,53229,6.666666666666667
2023-01-31,Denmark,Asia,23648,6.666666666666667
2023-01-31,Denmark,Asia,955,6.666666666666667
2023-01-31,Denmark,Asia,8674,6.666717905755943
2023-01-31,Denmark,Asia,6983,6.666730313908195
2023-01-31,Denmark,Asia,3781,6.666784215537609
2023-01-31,India,Europe,29799,6.666666666666667
2023-01-31,India,Europe,576,6.667438360921403
2023-01-31,Italy,North America,8100,6.666721536802772
2023-01-31,Italy,Asia,5083,6.666754105241068
2023-01-31,Italy,South America,6212,6.666666666666667
2023-01-31,Italy,South America,4046,6.666666666666667
2023-01-31,Japan,Asia,823,6.666666666666667
2023-01-31,Netherlands,North America,1388,6.666986886978241
2023-01-31,Norway,Europe,3709,6.666786497465578
2023-01-31,South Korea,Asia,9064,6.666666666666667
2023-02-28,Australia,Asia,5708,6.666666666666667
2023-02-28,Australia,Asia,563,6.666666666666667
2023-02-28,Austria,Europe,2954,6.666817125189013
2023-02-28,Austria,Europe,736,6.666666666666667
2023-02-28,Belgium,Asia,29307,6.666681831830465
2023-02-28,Belgium,Asia,842,6.666666666666667
2023-02-28,Belgium,Asia,3282,6.666666666666667
2023-02-28,Belgium,Asia,770,6.667243917222271
2023-02-28,Canada,Asia,1536,6.666666666666667
2023-02-28,Canada,Asia,2422,6.666850174791489
2023-02-28,Canada,Asia,99533,6.666671131967041
2023-02-28,Canada,Asia,4829,6.666758704475799
2023-02-28,Denmark,Asia,1943,6.666666666666667
2023-02-28,Denmark,Asia,1117,6.667064581592455
2023-02-28,Denmark,Asia,22144,6.666686737375775
2023-02-28,Finland,North America,57991,6.666674330699972
2023-02-28,Finland,North America,2984,6.666815612502513
2023-02-28,Germany,Asia,1196,6.666666666666667
2023-02-28,Germany,Asia,4864,6.666666666666667
2023-02-28,Germany,Asia,10255,6.666710006240899
2023-02-28,India,Europe,749,6.667260103257967
2023-02-28,India,Europe,17691,6.666666666666667
2023-02-28,Italy,South America,7659,6.666724696215313
2023-02-28,Italy,North America,1274,6.666666666666667
2023-02-28,Japan,Asia,6101,6.666739515265424
2023-02-28,Netherlands,Europe,46097,6.66667630818536
2023-02-28,Netherlands,Europe,1154,6.666666666666667
2023-02-28,Netherlands,North America,2946,6.666666666666667
2023-02-28,Netherlands,North America,116,6.6705002875215635
2023-02-28,New Zealand,North America,1903,6.666666666666667
2023-02-28,New Zealand,North America,3864,6.666781690505358
2023-02-28,New Zealand,North America,1706,6.666927195279222
2023-02-28,New Zealand,North America,6321,6.666666666666667
2023-02-28,Norway,Europe,3551,6.666791829378192
2023-02-28,Norway,Europe,182150,6.666669106659019
2023-02-28,Norway,Europe,2025,6.66688615263054
2023-02-28,South Korea,South America,4582,6.666763665992521
2023-02-28,South Korea,South America,35547,6.666679169698651
2023-02-28,South Korea,Asia,5474,6.666666666666667
2023-02-28,South Korea,South America,2187,6.6668698939153765
2023-02-28,South Korea,Asia,4467,6.666666666666667
2023-03-31,Australia,Asia,20431,6.666688420173332
2023-03-31,Australia,Asia,282,6.66824308347127
2023-03-31,Australia,Asia,7793,6.666666666666667
2023-03-31,Austria,Europe,31987,6.666680561229168
2023-03-31,Austria,Europe,1456,6.666666666666667
2023-03-31,Belgium,Oceania,22833,6.666686131727855
2023-03-31,Belgium,Oceania,6262,6.666737642261708
2023-03-31,Belgium,Oceania,92110,6.666671491818834
2023-03-31,Belgium,Oceania,7561,6.6667254483573455
2023-03-31,Belgium,Asia,21970,6.666686896334081
2023-03-31,Canada,South America,13858,6.666698738147583
2023-03-31,Canada,South America,5502,6.666747446352192
2023-03-31,Denmark,South America,1161,6.666666666666667
2023-03-31,Denmark,South America,198,6.668912091613338
2023-03-31,Denmark,Asia,2149,6.666666666666667
2023-03-31,Denmark,Asia,3268,6.666666666666667
2023-03-31,Denmark,Asia,4201,6.666666666666667
2023-03-31,Germany,Asia,1519,6.666959269662922
2023-03-31,Italy,Asia,823,6.667206740116656
2023-03-31,Italy,South America,11555,6.666705130276246
2023-03-31,Italy,North America,8100,6.666721536802772
2023-03-31,Japan,Asia,3365,6.666666666666667
2023-03-31,Netherlands,North America,5910,6.666666666666667
2023-03-31,New Zealand,North America,7808,6.666666666666667
2023-03-31,South Korea,South America,12423,6.666666666666667
2023-03-31,South Korea,South America,1747,6.666666666666667
2023-04-30,Belgium,Asia,1315,6.6670046643682825
2023-04-30,Belgium,Oceania,7427,6.666666666666667
2023-04-30,Canada,South America,90814,6.666666666666667
2023-04-30,Canada,Asia,16453,6.666666666666667
2023-04-30,Denmark,Asia,519,6.667523124357657
2023-04-30,Denmark,South America,1310,6.667005954501501
2023-04-30,Denmark,Asia,1464,6.666970262762422
2023-04-30,Denmark,Asia,2505,6.666844094320541
2023-04-30,Denmark,Asia,12763,6.666666666666667
2023-04-30,Germany,Asia,2693,6.666831707679359
2023-04-30,Germany,Asia,738,6.666666666666667
2023-04-30,India,Europe,633,6.667368864546029
2023-04-30,Italy,South America,196,6.668935011908812
2023-04-30,Japan,Asia,4923,6.666756947077623
2023-04-30,Japan,Asia,3103,6.666666666666667
2023-04-30,Japan,North America,2962,6.666666666666667
2023-04-30,Netherlands,Europe,2943,6.666817687567959
2023-04-30,Netherlands,North America,320,6.666666666666667
2023-04-30,Netherlands,Europe,2921,6.666666666666667
2023-04-30,Netherlands,Europe,11275,6.666666666666667
2023-04-30,New Zealand,North America,13960,6.666666666666667
2023-04-30,Norway,Europe,3348,6.6667994185467645
2023-04-30,South Korea,Oceania,5689,6.666666666666667
2023-04-30,South Korea,Asia,7764,6.666666666666667
2023-04-30,South Korea,Asia,2829,6.666666666666667
2023-04-30,South Korea,South America,758,6.667253056557305
2023-04-30,South Korea,Asia,9039,6.666666666666667
2023-05-31,Australia,Asia,397,6.666666666666667
2023-05-31,Australia,Asia,393,6.666666666666667
2023-05-31,Australia,Asia,26289,6.666683572808838
2023-05-31,Australia,Asia,18259,6.666666666666667
2023-05-31,Austria,Europe,11857,6.666666666666667
2023-05-31,Austria,Europe,7214,6.666666666666667
2023-05-31,Belgium,Asia,425,6.666666666666667
2023-05-31,Canada,South America,178,6.666666666666667
2023-05-31,Canada,Asia,19217,6.666666666666667
2023-05-31,Denmark,South America,3265,6.666666666666667
2023-05-31,Denmark,Asia,810,6.667215408675611
2023-05-31,Denmark,Asia,8980,6.666666666666667
2023-05-31,Denmark,Asia,223961,6.666668651139752
2023-05-31,Germany,Asia,15740,6.666694903409163
2023-05-31,Germany,Asia,3112,6.666666666666667
2023-05-31,Italy,Asia,9176,6.666666666666667
2023-05-31,Italy,South America,3332,6.666666666666667
2023-05-31,Italy,North America,430,6.666666666666667
2023-05-31,Italy,South America,232442,6.666668578733212
2023-05-31,Italy,North America,4334,6.666666666666667
2023-05-31,Italy,South America,8226,6.666666666666667
2023-05-31,Italy,South America,100744,6.666671078291563
2023-05-31,Italy,North America,295548,6.666668170464847
2023-05-31,Netherlands,North America,1222,6.666666666666667
2023-05-31,Netherlands,Europe,38020,6.666678356441095
2023-05-31,Netherlands,North America,25509,6.666666666666667
2023-05-31,Netherlands,Europe,22291,6.666666666666667
2023-05-31,New Zealand,North America,50801,6.666666666666667
2023-05-31,South Korea,South America,1612,6.666666666666667
2023-05-31,South Korea,Asia,824,6.667206084634679
2023-06-30,Austria,Europe,14143,6.6666980918621315
2023-06-30,Belgium,Oceania,2640,6.666666666666667
2023-06-30,Canada,Asia,14043,6.666698315641556
2023-06-30,Canada,South America,30343,6.666666666666667
2023-06-30,Canada,Asia,16649,6.666666666666667
2023-06-30,Denmark,Asia,40473,6.666666666666667
2023-06-30,Denmark,Asia,6359,6.666666666666667
2023-06-30,Denmark,Asia,239,6.6685267857142865
2023-06-30,Denmark,Asia,384,6.667824275047751
2023-06-30,Germany,Asia,43064,6.666666666666667
2023-06-30,India,Europe,2427,6.666849796725635
2023-06-30,India,Europe,1245,6.666666666666667
2023-06-30,Italy,South America,3126,6.666808846424535
2023-06-30,Italy,South America,450,6.667654467328493
2023-06-30,Italy,North America,11018,6.666707004943456
2023-06-30,Japan,Asia,10869,6.666707557932701
2023-06-30,Netherlands,North America,471,6.6676104190260475
2023-06-30,Netherlands,North America,40622,6.6666776076635115
2023-06-30,Netherlands,North America,8709,6.666666666666667
2023-06-30,Netherlands,Europe,3068,6.66681153436624
2023-06-30,New Zealand,North America,3458,6.666795195588887
2023-06-30,New Zealand,North America,22625,6.666666666666667
2023-06-30,New Zealand,North America,404,6.666666666666667
2023-06-30,New Zealand,North America,6211,6.666738225065476
2023-06-30,New Zealand,North America,22794,6.666666666666667
2023-06-30,South Korea,Oceania,85972,6.666666666666667
2023-07-31,Australia,Asia,106441,6.666670842169742
2023-07-31,Australia,Asia,765,6.667247690430539
2023-07-31,Belgium,Asia,50251,6.666666666666667
2023-07-31,Canada,Asia,8308,6.666666666666667
2023-07-31,Canada,South America,10643,6.666666666666667
2023-07-31,Denmark,Asia,488,6.666666666666667
2023-07-31,Germany,Asia,3042,6.666666666666667
2023-07-31,India,Europe,100904,6.666666666666667
2023-07-31,India,Europe,82372,6.666666666666667
2023-07-31,India,Europe,27739,6.666666666666667
2023-07-31,Italy,South America,1187,6.667041114356325
2023-07-31,Italy,South America,12251,6.666666666666667
2023-07-31,Italy,Asia,14278,6.666666666666667
2023-07-31,Japan,North America,8565,6.666718557840497
2023-07-31,Japan,Asia,2535,6.66684199452977
2023-07-31,Netherlands,North America,1460,6.666666666666667
2023-07-31,Netherlands,North America,1159,6.667050161067649
2023-07-31,New Zealand,North America,6308,6.666666666666667
2023-07-31,New Zealand,North America,1487,6.666666666666667
2023-07-31,South Korea,Oceania,27015,6.666683118472746
2023-08-31,Australia,Asia,101579,6.666671042027087
2023-08-31,Australia,Asia,2811,6.666666666666667
2023-08-31,Austria,Europe,6873,6.666731332570277
2023-08-31,Austria,Europe,11196,6.666666666666667
2023-08-31,Belgium,Oceania,4479,6.666765896642057
2023-08-31,Belgium,Asia,8893,6.666666666666667
2023-08-31,Denmark,South America,6460,6.6667354668262835
2023-08-31,Denmark,Asia,5561,6.666666666666667
2023-08-31,Denmark,Asia,9327,6.666666666666667
2023-08-31,Denmark,South America,2990,6.666666666666667
2023-08-31,Finland,North America,5353,6.666749694871347
2023-08-31,Germany,Asia,799,6.667222963951936
2023-08-31,Germany,Asia,1610,6.666666666666667
2023-08-31,Germany,Asia,4538,6.666764606502226
2023-08-31,Germany,Asia,216,6.666666666666667
2023-08-31,Italy,South America,518,6.667524777963702
2023-08-31,Italy,Asia,2701,6.666831218837932
2023-08-31,Italy,South America,1615,6.666666666666667
2023-08-31,Italy,South America,11592,6.666666666666667
2023-08-31,Italy,South America,1943,6.666666666666667
2023-08-31,Italy,South America,7230,6.666728139494141
2023-08-31,Italy,North America,940,6.66713951344067
2023-08-31,Japan,North America,2157,6.666666666666667
2023-08-31,Japan,North America,2808,6.666666666666667
2023-08-31,Japan,North America,1870,6.666666666666667
2023-08-31,Japan,Asia,7278,6.666666666666667
2023-08-31,Japan,Asia,1782,6.666666666666667
2023-08-31,Netherlands,North America,3969,6.666666666666667
2023-08-31,New Zealand,North America,1255,6.666666666666667
2023-08-31,New Zealand,North America,20868,6.666687964628346
2023-08-31,Norway,Europe,3901,6.666780599514646
2023-08-31,South Korea,South America,19844,6.666689063660095
2023-08-31,South Korea,Asia,10549,6.666666666666667
2023-08-31,South Korea,Oceania,23887,6.66668527284094
2023-09-30,Australia,Asia,22195,6.666666666666667
2023-09-30,Belgium,Asia,1011,6.666666666666667
2023-09-30,Belgium,Oceania,2104,6.666877911213917
2023-09-30,Belgium,Asia,794,6.666666666666667
2023-09-30,Belgium,Oceania,3239,6.666666666666667
2023-09-30,Belgium,Oceania,2864,6.666666666666667
2023-09-30,Denmark,South America,1535,6.666956219596942
2023-09-30,Denmark,Asia,9349,6.666666666666667
2023-09-30,Denmark,Asia,23510,6.666685571205362
2023-09-30,Denmark,South America,14937,6.666696421398413
2023-09-30,Denmark,South America,8382,6.666666666666667
2023-09-30,Denmark,South America,9835,6.666711857053767
2023-09-30,Denmark,Asia,2195,6.666869153201311
2023-09-30,Denmark,Asia,1033,6.666666666666667
2023-09-30,Denmark,South America,7695,6.666666666666667
2023-09-30,Denmark,Asia,307,6.666666666666667
2023-09-30,Finland,North America,3274,6.666802419108514
2023-09-30,Finland,North America,7819,6.666723508747996
2023-09-30,Germany,Asia,39983,6.666677782520542
2023-09-30,India,Europe,497,6.666666666666667
2023-09-30,Italy,South America,8555,6.66671861849693
2023-09-30,Japan,Asia,5486,6.666666666666667
2023-09-30,Japan,Asia,9310,6.666714405402114
2023-09-30,Japan,North America,27147,6.666683038477029
2023-09-30,Japan,North America,4447,6.6667666106980095
2023-09-30,Japan,Asia,12140,6.666666666666667
2023-09-30,Netherlands,Europe,14821,6.666666666666667
2023-09-30,New Zealand,North America,15342,6.6666956359259375
2023-09-30,Norway,Europe,1420,6.666979670407061
2023-09-30,Norway,Europe,1989,6.666666666666667
2023-09-30,South Korea,South America,16069,6.66669432528191
2023-09-30,South Korea,Asia,1030,6.666666666666667
2023-09-30,South Korea,South America,33291,6.6666800169816005
2023-09-30,South Korea,South America,7967,6.666666666666667
2023-10-31,Australia,Asia,2459,6.666666666666667
2023-10-31,Australia,Asia,4737,6.666666666666667
2023-10-31,Belgium,Asia,1441,6.666666666666667
2023-10-31,Belgium,Asia,10762,6.666666666666667
2023-10-31,Canada,Asia,1713,6.666926130614151
2023-10-31,Canada,South America,12310,6.666702771203743
2023-10-31,Canada,Asia,28296,6.666666666666667
2023-10-31,Denmark,Asia,1729,6.666923729467109
2023-10-31,Finland,North America,2373,6.666666666666667
2023-10-31,Germany,Asia,4243,6.666771416001509
2023-10-31,Italy,Asia,6470,6.666666666666667
2023-10-31,Italy,North America,4375,6.666666666666667
2023-10-31,Italy,North America,7556,6.666725487255048
2023-10-31,Italy,North America,332,6.666666666666667
2023-10-31,Italy,Asia,2187,6.666666666666667
2023-10-31,Italy,North America,21925,6.666666666666667
2023-10-31,Japan,Asia,67811,6.666666666666667
2023-10-31,Japan,North America,4260,6.666666666666667
2023-10-31,Netherlands,North America,47510,6.666676021435518
2023-10-31,Netherlands,North America,268,6.668325454093058
2023-10-31,Norway,Europe,266,6.666666666666667
2023-10-31,Norway,Europe,9980,6.666711200475621
2023-10-31,South Korea,South America,665,6.6673350711850805
2023-10-31,South Korea,Asia,502,6.666666666666667
2023-11-30,Belgium,Oceania,38113,6.666678327916682
2023-11-30,Belgium,Asia,17872,6.6666915349579785
2023-11-30,Belgium,Asia,2663,6.666833566993792
2023-11-30,Belgium,Oceania,15511,6.666666666666667
2023-11-30,Belgium,Oceania,2304,6.666666666666667
2023-11-30,Denmark,Asia,1427,6.66697813492805
2023-11-30,Denmark,South America,67785,6.666666666666667
2023-11-30,Denmark,Asia,63111,6.666666666666667
2023-11-30,India,Europe,2255,6.666666666666667
2023-11-30,India,Europe,30459,6.666666666666667
2023-11-30,India,Europe,232,6.666666666666667
2023-11-30,Italy,South America,3564,6.666666666666667
2023-11-30,Italy,South America,2540,6.666841649387123
2023-11-30,Italy,Asia,15784,6.6666948246951545
2023-11-30,Italy,South America,25774,6.666666666666667
2023-11-30,Japan,North America,4235,6.666666666666667
2023-11-30,Netherlands,North America,5817,6.666666666666667
2023-11-30,Netherlands,North America,58403,6.666666666666667
2023-11-30,New Zealand,North America,22975,6.666686011421143
2023-11-30,South Korea,South America,80438,6.666672191975759
2023-11-30,South Korea,Asia,710,6.667292703540238
2023-11-30,South Korea,Oceania,8852,6.666666666666667
2023-11-30,South Korea,South America,20133,6.6666887421604395
2023-11-30,South Korea,Asia,3114,6.666809394335139
2023-11-30,South Korea,Oceania,7116,6.666666666666667
2023-12-31,Denmark,Asia,6231,6.666666666666667
2023-12-31,Denmark,Asia,3400,6.666797388184081
2023-12-31,Denmark,South America,3405,6.666797196225086
2023-12-31,Denmark,Asia,9610,6.666712915108672
2023-12-31,Denmark,Asia,31526,6.666666666666667
2023-12-31,Finland,North America,1086,6.666666666666667
2023-12-31,Germany,Asia,10879,6.666666666666667
2023-12-31,India,Europe,9940,6.666666666666667
2023-12-31,Italy,Asia,3810,6.666783320793014
2023-12-31,Italy,Asia,70313,6.666666666666667
2023-12-31,Italy,North America,24157,6.666685064881304
2023-12-31,Japan,North America,4668,6.66676187891858
2023-12-31,Japan,Asia,14207,6.666666666666667
2023-12-31,Japan,Asia,9978,6.666711209402081
2023-12-31,Japan,North America,4511,6.666666666666667
2023-12-31,Netherlands,Europe,837,6.666666666666667
2023-12-31,Netherlands,Europe,4007,6.666777585518435
2023-12-31,Norway,Europe,36702,6.666666666666667
2023-12-31,Norway,Europe,28442,6.6666822930461835
2023-12-31,South Korea,Asia,15941,6.666666666666667
2024-01-31,Australia,Asia,14596,6.666666666666667
2024-01-31,Australia,Asia,8798,6.6667171835809915
2024-01-31,Australia,Asia,2457,6.666666666666667
2024-01-31,Austria,Europe,1506,6.666961795564212
2024-01-31,Belgium,Asia,2822,6.666666666666667
2024-01-31,Canada,South America,827,6.6672041277007414
2024-01-31,Canada,Asia,2028,6.666666666666667
2024-01-31,Canada,South America,1934,6.666666666666667
2024-01-31,Canada,Asia,31238,6.666666666666667
2024-01-31,Canada,South America,4081,6.666666666666667
2024-01-31,Canada,Asia,2512,6.666843599883224
2024-01-31,Canada,South America,6564,6.666734376745651
2024-01-31,Denmark,Asia,5192,6.666752269546347
2024-01-31,Denmark,Asia,3655,6.666666666666667
2024-01-31,Finland,North America,4122,6.666774490934675
2024-01-31,India,Europe,1154,6.666666666666667
2024-01-31,Italy,North America,10257,6.666666666666667
2024-01-31,Italy,North America,5183,6.6667524181930435
2024-01-31,Italy,Asia,1864,6.666905111055474
2024-01-31,Japan,North America,7267,6.666666666666667
2024-01-31,Japan,North America,3932,6.666779701249598
2024-01-31,Netherlands,Europe,50487,6.666675469824536
2024-01-31,Netherlands,Europe,125197,6.666666666666667
2024-01-31,New Zealand,North America,2993,6.66681516460997
2024-01-31,South Korea,Oceania,404,6.666666666666667
2024-02-29,Australia,Asia,2424,6.666850023377981
2024-02-29,Austria,Europe,4437,6.666666666666667
2024-02-29,Belgium,Oceania,1227,6.666666666666667
2024-02-29,Belgium,Oceania,975,6.667122538293217
2024-02-29,Belgium,Oceania,1750,6.666920644595985
2024-02-29,Canada,South America,21796,6.6666870578303605
2024-02-29,Canada,South America,6324,6.666736946415205
2024-02-29,Canada,South America,583,6.666666666666667
2024-02-29,Denmark,Asia,30323,6.666666666666667
2024-02-29,Denmark,Asia,4418,6.66676726674614
2024-02-29,Denmark,Asia,65119,6.666673491785287
2024-02-29,Denmark,South America,64132,6.666666666666667
2024-02-29,Italy,North America,381,6.667833391669584
2024-02-29,Italy,South America,1478,6.666967386891605
2024-02-29,Japan,Asia,218,6.666666666666667
2024-02-29,Netherlands,North America,40192,6.666666666666667
2024-02-29,New Zealand,North America,5661,6.666745177473679
2024-02-29,New Zealand,North America,1588,6.666666666666667
2024-02-29,New Zealand,North America,1254,6.667021106916901
2024-02-29,Norway,Europe,313,6.6680869194716665
2024-02-29,Norway,Europe,18506,6.666690682988159
2024-02-29,South Korea,Asia,14741,6.666696817026511
2024-02-29,South Korea,Asia,19368,6.666666666666667
2024-02-29,South Korea,Oceania,13018,6.666700807603869
2024-02-29,South Korea,Oceania,2652,6.6668342592825365
2024-03-31,Australia,Asia,27955,6.666666666666667
2024-03-31,Belgium,Oceania,6447,6.666735605559232
2024-03-31,Belgium,Oceania,208638,6.666666666666667
2024-03-31,Canada,South America,3543,6.666792111997591
2024-03-31,Canada,Asia,3520,6.666666666666667
2024-03-31,Denmark,Asia,26265,6.666666666666667
2024-03-31,Finland,North America,616,6.666666666666667
2024-03-31,Germany,Asia,382,6.666666666666667
2024-03-31,Germany,Asia,42238,6.666677189067016
2024-03-31,Germany,Asia,1446,6.666974042141177
2024-03-31,India,Europe,7783,6.666666666666667
2024-03-31,Italy,Asia,5101,6.666666666666667
2024-03-31,Italy,South America,8419,6.666719457730196
2024-03-31,Japan,North America,422,6.667720018960341
2024-03-31,Japan,North America,23228,6.6666858007169525
2024-03-31,Netherlands,Europe,36291,6.666666666666667
2024-03-31,Netherlands,Europe,94190,6.666666666666667
2024-03-31,Netherlands,Europe,7015,6.666730023568768
2024-03-31,New Zealand,North America,8184,6.666666666666667
2024-03-31,Norway,Europe,5310,6.666750367236249
2024-03-31,South Korea,Oceania,5138,6.666666666666667
2024-03-31,South Korea,Asia,48936,6.666666666666667
2024-04-30,Australia,Asia,3038,6.666666666666667
2024-04-30,Austria,Europe,7201,6.666728387060937
2024-04-30,Canada,Asia,7993,6.666722271339684
2024-04-30,Denmark,Asia,113700,6.666666666666667
2024-04-30,Denmark,Asia,4998,6.666755592311489
2024-04-30,Finland,North America,3464,6.666666666666667
2024-04-30,Germany,Asia,726,6.667278905317292
2024-04-30,India,Europe,6954,6.666730579336395
2024-04-30,Italy,South America,7586,6.66672525463797
2024-04-30,Japan,North America,3343,6.666799617102743
2024-04-30,Japan,North America,932,6.666666666666667
2024-04-30,Japan,Asia,40292,6.666666666666667
2024-04-30,New Zealand,North America,2274,6.666666666666667
2024-04-30,South Korea,South America,552,6.667471916898177
2024-04-30,South Korea,Asia,8975,6.666666666666667
2024-05-31,Australia,Asia,12708,6.666701640445076
2024-05-31,Australia,Asia,35819,6.666666666666667
2024-05-31,Australia,Asia,1944,6.666895298192668
2024-05-31,Austria,Europe,14885,6.6666965253455395
2024-05-31,Austria,Europe,78836,6.666666666666667
2024-05-31,Belgium,Oceania,6192,6.6667384446430304
2024-05-31,Belgium,Oceania,7597,6.666666666666667
2024-05-31,Belgium,Oceania,486,6.666666666666667
2024-05-31,Canada,South America,42837,6.6666770419295505
2024-05-31,Canada,South America,3421,6.666796585727091
2024-05-31,Canada,Asia,3746,6.666666666666667
2024-05-31,Denmark,Asia,4918,6.666757038864564
2024-05-31,Denmark,South America,8652,6.666666666666667
2024-05-31,Denmark,Asia,812,6.666666666666667
2024-05-31,Denmark,Asia,6100,6.666739527207947
2024-05-31,Finland,North America,4099,6.666666666666667
2024-05-31,India,Europe,678,6.667322253908939
2024-05-31,Italy,North America,1322,6.667002874577639
2024-05-31,Italy,Asia,15006,6.666696284580766
2024-05-31,Italy,North America,2437,6.666666666666667
2024-05-31,Italy,Asia,119088,6.666666666666667
2024-05-31,Italy,North America,2342,6.666856443394346
2024-05-31,Italy,Asia,3008,6.666666666666667
2024-05-31,Italy,Asia,1532,6.666666666666667
2024-05-31,Italy,North America,9197,6.66671499195384
2024-05-31,Italy,North America,9798,6.666712027706523
2024-05-31,Italy,Asia,6428,6.666666666666667
2024-05-31,Japan,North America,2826,6.666823940173158
2024-05-31,Japan,North America,367,6.667877906976743
2024-05-31,Japan,Asia,1271,6.666666666666667
2024-05-31,Netherlands,Europe,8340,6.666666666666667
2024-05-31,Netherlands,North America,71029,6.666672923897679
2024-05-31,New Zealand,North America,8821,6.666717051861482
2024-05-31,New Zealand,North America,15076,6.666666666666667
2024-05-31,New Zealand,North America,3120,6.666666666666667
2024-05-31,New Zealand,North America,4873,6.666757873423264
2024-05-31,New Zealand,North America,16308,6.666666666666667
2024-05-31,New Zealand,North America,3239,6.666803886053022
2024-05-31,South Korea,South America,347,6.6679477325134515
2024-06-30,Australia,Asia,12996,6.666666666666667
2024-06-30,Austria,Europe,3142,6.666666666666667
2024-06-30,Belgium,Asia,10226,6.666666666666667
2024-06-30,Canada,Asia,4703,6.666666666666667
2024-06-30,Canada,South America,6701,6.666666666666667
2024-06-30,Germany,Asia,329,6.668017835427645
2024-06-30,Germany,Asia,7993,6.666722271339684
2024-06-30,Italy,Asia,9473,6.666713583965544
2024-06-30,Italy,South America,80248,6.666672205057825
2024-06-30,Japan,Asia,6660,6.666733400734742
2024-06-30,Netherlands,North America,7102,6.66672924743497
2024-06-30,Netherlands,North America,14618,6.6666970707213515
2024-06-30,Norway,Europe,879,6.667172330097087
2024-06-30,Norway,Europe,15977,6.666694484548557
2024-06-30,South Korea,Asia,3004,6.666814620830467
2024-06-30,South Korea,South America,6221,6.6667381100370795
2024-07-31,Belgium,Oceania,6175,6.6667386422525485
2024-07-31,Belgium,Oceania,1454,6.666666666666667
2024-07-31,Canada,Asia,3223,6.666666666666667
2024-07-31,Canada,Asia,32698,6.666666666666667
2024-07-31,Canada,Asia,1829,6.666666666666667
2024-07-31,Denmark,Asia,47085,6.666676105873924
2024-07-31,Denmark,Asia,380,6.667836462537287
2024-07-31,Finland,North America,10239,6.666710073966038
2024-07-31,Finland,North America,368,6.667874614966479
2024-07-31,Germany,Asia,852,6.667188355896394
2024-07-31,Germany,Asia,16176,6.666694142326667
2024-07-31,Italy,Asia,47643,6.666675995320748
2024-07-31,Italy,South America,1193,6.667039231027159
2024-07-31,Japan,Asia,298,6.668158424703513
2024-07-31,Japan,Asia,3817,6.666666666666667
2024-07-31,Netherlands,Europe,15117,6.666696067103557
2024-07-31,Netherlands,Europe,4914,6.666666666666667
2024-07-31,Netherlands,North America,14444,6.666666666666667
2024-07-31,Netherlands,Europe,8508,6.666718905492129
2024-07-31,New Zealand,North America,7180,6.666728567581871
2024-07-31,Norway,Europe,13360,6.666666666666667
2024-07-31,South Korea,Asia,1738,6.666922398250796
2024-07-31,South Korea,Oceania,3619,6.666666666666667
2024-07-31,South Korea,South America,653,6.666666666666667
2024-07-31,South Korea,Asia,3703,6.666666666666667
2024-07-31,South Korea,Oceania,6292,6.666666666666667
2024-08-31,Australia,Asia,3538,6.666792289283762
2024-08-31,Australia,Asia,116,6.666666666666667
2024-08-31,Austria,Europe,1895,6.666666666666667
2024-08-31,Belgium,Oceania,390,6.667806462643187
2024-08-31,Belgium,Oceania,572,6.666666666666667
2024-08-31,Canada,South America,2691,6.666831830343871
2024-08-31,Denmark,Asia,3276,6.666802336229878
2024-08-31,Denmark,South America,1504,6.66696218804025
2024-08-31,Denmark,South America,1310,6.666666666666667
2024-08-31,Finland,North America,28198,6.666682428263064
2024-08-31,Germany,Asia,2113,6.666877011421721
2024-08-31,Italy,South America,559,6.667461832061068
2024-08-31,Japan,Asia,4568,6.666666666666667
2024-08-31,Netherlands,Europe,2837,6.666666666666667
2024-08-31,Netherlands,Europe,17286,6.666666666666667
2024-08-31,Netherlands,Europe,4406,6.666666666666667
2024-08-31,Netherlands,North America,59101,6.666666666666667
2024-08-31,South Korea,South America,3856,6.6667819291481525
2024-08-31,South Korea,Oceania,372226,6.666666666666667
2024-08-31,South Korea,South America,5631,6.666666666666667
2024-08-31,South Korea,South America,5588,6.666746203128169
2024-08-31,South Korea,Asia,1685,6.666666666666667
2024-08-31,South Korea,Asia,693,6.66730806234366
2024-08-31,South Korea,Asia,1329,6.6670011036420185
2024-08-31,South Korea,Asia,7240,6.666666666666667
2024-08-31,South Korea,South America,14476,6.666697368966422
2024-09-30,Australia,Asia,3358,6.666666666666667
2024-09-30,Australia,Asia,3982,6.666778281906612
2024-09-30,Australia,Asia,7375,6.666726930864912
2024-09-30,Belgium,Asia,6436,6.666735723386403
2024-09-30,Belgium,Oceania,3907,6.6667804245444
2024-09-30,Canada,Asia,1183,6.667042380522993
2024-09-30,Canada,South America,4412,6.666666666666667
2024-09-30,Canada,Asia,8376,6.666719728746647
2024-09-30,Denmark,Asia,23080,6.666666666666667
2024-09-30,Denmark,Asia,157,6.669498725573492
2024-09-30,Denmark,Asia,6352,6.666666666666667
2024-09-30,Denmark,South America,7857,6.666666666666667
2024-09-30,Finland,North America,70263,6.666672992113433
2024-09-30,Germany,Asia,34599,6.6666795122778355
2024-09-30,Italy,South America,7393,6.666666666666667
2024-09-30,Italy,South America,16297,6.666693938327866
2024-09-30,Italy,North America,18731,6.666690394498939
2024-09-30,Italy,North America,385,6.666666666666667
2024-09-30,Japan,North America,8510,6.666718893214988
2024-09-30,Japan,Asia,325,6.668034468608945
2024-09-30,Japan,North America,17873,6.666691533566585
2024-09-30,Netherlands,North America,7518,6.666725784568454
2024-09-30,New Zealand,North America,149302,6.666666666666667
2024-09-30,New Zealand,North America,1825,6.666910206765545
2024-09-30,Norway,Europe,5232,6.666751615081741
2024-09-30,South Korea,Oceania,4660,6.666762042375428
2024-09-30,South Korea,Oceania,16975,6.666692849063717
2024-09-30,South Korea,Oceania,6376,6.6667363732368585
2024-09-30,South Korea,Oceania,2142,6.666666666666667
2024-09-30,South Korea,Asia,4641,6.666666666666667
2024-10-31,Australia,Asia,25497,6.666666666666667
2024-10-31,Australia,Asia,16533,6.666693549037476
2024-10-31,Austria,Europe,19777,6.666666666666667
2024-10-31,Canada,South America,8753,6.666666666666667
2024-10-31,Canada,Asia,5023,6.666666666666667
2024-10-31,Canada,Asia,797,6.666666666666667
2024-10-31,Canada,South America,13687,6.666666666666667
2024-10-31,Canada,Asia,12540,6.666702108995795
2024-10-31,Canada,Asia,2982,6.666666666666667
2024-10-31,Denmark,Asia,679,6.666666666666667
2024-10-31,Denmark,Asia,874,6.666666666666667
2024-10-31,Denmark,Asia,16369,6.666666666666667
2024-10-31,Finland,North America,7712,6.666666666666667
2024-10-31,India,Europe,14777,6.666666666666667
2024-10-31,Italy,South America,225,6.666666666666667
2024-10-31,Italy,South America,635,6.667366652666947
2024-10-31,Italy,South America,2758,6.666666666666667
2024-10-31,Italy,Asia,51695,6.666666666666667
2024-10-31,Italy,Asia,35293,6.666679259681825
2024-10-31,Italy,North America,2905,6.666666666666667
2024-10-31,Japan,Asia,8843,6.666716926510056
2024-10-31,Japan,North America,607,6.667398945518453
2024-10-31,Japan,North America,14169,6.666666666666667
2024-10-31,Netherlands,North America,1821,6.66691074174416
2024-10-31,Netherlands,North America,4199,6.66677251365426
2024-10-31,Netherlands,Europe,1783,6.666915943763087
2024-10-31,Netherlands,North America,1654,6.666935386351727
2024-10-31,Netherlands,Europe,48388,6.6666758516930535
2024-10-31,New Zealand,North America,7445,6.666726364238766
2024-10-31,South Korea,Oceania,7272,6.666727784449803
2024-10-31,South Korea,Asia,8416,6.666719476548452
2024-10-31,South Korea,South America,750,6.667259311938839
2024-11-30,Australia,Asia,1445,6.666974254867583
2024-11-30,Austria,Europe,2673,6.666666666666667
2024-11-30,Austria,Europe,6783,6.666732190596006
2024-11-30,Belgium,Asia,1512,6.666666666666667
2024-11-30,Canada,Asia,3675,6.666787606124375
2024-11-30,Canada,Asia,1870,6.666666666666667
2024-11-30,Denmark,Asia,45981,6.666666666666667
2024-11-30,Denmark,Asia,15681,6.666695009650786
2024-11-30,India,Europe,522,6.667518201558309
2024-11-30,India,Europe,78341,6.6666723398751095
2024-11-30,Italy,South America,1925,6.666666666666667
2024-11-30,Italy,North America,2275,6.666862032587035
2024-11-30,Japan,Asia,57671,6.666666666666667
2024-11-30,Japan,North America,89656,6.666671623889552
2024-11-30,Japan,Asia,6744,6.666732569519272
2024-11-30,Japan,North America,5107,6.666666666666667
2024-11-30,Japan,Asia,5840,6.666666666666667
2024-11-30,Japan,Asia,3771,6.666666666666667
2024-11-30,Netherlands,Europe,1362,6.666993000146849
2024-11-30,Netherlands,Europe,6682,6.666733181015474
2024-11-30,Netherlands,Europe,3278,6.666666666666667
2024-11-30,Norway,Europe,13692,6.666666666666667
2024-11-30,Norway,Europe,167291,6.666666666666667
2024-11-30,South Korea,Oceania,3954,6.666666666666667
2024-12-31,Australia,Asia,1587,6.66694673164174
2024-12-31,Austria,Europe,2470,6.666666666666667
2024-12-31,Austria,Europe,1503,6.666666666666667
2024-12-31,Belgium,Asia,4344,6.666768980493869
2024-12-31,Canada,Asia,18316,6.666690932121032
2024-12-31,Denmark,Asia,4056,6.66677624550042
2024-12-31,Denmark,South America,40326,6.666666666666667
2024-12-31,Denmark,South America,14730,6.666666666666667
2024-12-31,Denmark,Asia,3006,6.666814522389053
2024-12-31,Denmark,Asia,15761,6.66669486578629
2024-12-31,Finland,North America,9140,6.666666666666667
2024-12-31,Germany,Asia,43026,6.666666666666667
2024-12-31,Italy,North America,2063,6.666666666666667
2024-12-31,Italy,North America,8405,6.666719545663657
2024-12-31,Italy,North America,6120,6.666739289099009
2024-12-31,Netherlands,Europe,5725,6.666666666666667
2024-12-31,Netherlands,Europe,2921,6.666666666666667
2024-12-31,Norway,Europe,3841,6.666666666666667
2024-12-31,South Korea,South America,39646,6.666666666666667
2024-12-31,South Korea,Oceania,6490,6.666735148794543
2025-01-31,Austria,Europe,9090,6.666666666666667
2025-01-31,Belgium,Asia,19203,6.666666666666667
2025-01-31,Belgium,Oceania,3230,6.6668042684059525
2025-01-31,Canada,South America,3961,6.666778873666139
2025-01-31,Denmark,Asia,2058,6.666666666666667
2025-01-31,Denmark,Asia,1035,6.667096109250194
2025-01-31,Denmark,Asia,5143,6.666666666666667
2025-01-31,Denmark,South America,2561,6.666840214505128
2025-01-31,Finland,North America,2997,6.666814966410108
2025-01-31,India,Europe,280,6.666666666666667
2025-01-31,Italy,South America,76957,6.666666666666667
2025-01-31,Italy,South America,740,6.666666666666667
2025-01-31,Japan,Asia,14109,6.666666666666667
2025-01-31,Japan,Asia,399,6.667780748663102
2025-01-31,Japan,North America,41749,6.666666666666667
2025-01-31,Netherlands,Europe,9665,6.666712651923794
2025-01-31,Netherlands,North America,18888,6.666666666666667
2025-01-31,South Korea,South America,2249,6.666864291219541
2025-01-31,South Korea,South America,6849,6.666731559172232
2025-01-31,South Korea,South America,332,6.668005623619202
2025-01-31,South Korea,Oceania,4282,6.666770461940867
2025-01-31,South Korea,Oceania,1554,6.666666666666667
2025-01-31,South Korea,Asia,7352,6.666727119397166
2025-02-28,Australia,Asia,1145,6.667054850355187
2025-02-28,Australia,Asia,7187,6.66672850729101
2025-02-28,Austria,Europe,1655,6.666935223976797
2025-02-28,Belgium,Oceania,3248,6.666803505819086
2025-02-28,Belgium,Oceania,6649,6.666733511139632
2025-02-28,Denmark,South America,9537,6.66671326911516
2025-02-28,Denmark,South America,1275,6.667015268772223
2025-02-28,Finland,North America,17054,6.666666666666667
2025-02-28,Finland,North America,2771,6.666827061880473
2025-02-28,India,Europe,6770,6.666666666666667
2025-02-28,Italy,North America,207,6.666666666666667
2025-02-28,Italy,North America,4962,6.666666666666667
2025-02-28,Italy,North America,2270,6.666862462921085
2025-02-28,Italy,South America,1289,6.6670114823626765
2025-02-28,Japan,North America,1590,6.666666666666667
2025-02-28,New Zealand,North America,3165,6.666807094409571
2025-02-28,Norway,Europe,244,6.668488658103307
2025-02-28,South Korea,Oceania,700,6.666666666666667
2025-02-28,South Korea,South America,573,6.666666666666667
2025-02-28,South Korea,Asia,1738,6.666666666666667
2025-03-31,Austria,Europe,7694,6.666724432236654
2025-03-31,Belgium,Oceania,23991,6.666685192183714
2025-03-31,Belgium,Asia,14075,6.6666982436861755
2025-03-31,Belgium,Asia,34044,6.66667972169295
2025-03-31,Canada,South America,4486,6.666765741800294
2025-03-31,Denmark,Asia,291,6.666666666666667
2025-03-31,Denmark,Asia,37712,6.666666666666667
2025-03-31,Denmark,Asia,59581,6.666666666666667
2025-03-31,Denmark,Asia,10683,6.66670826988842
2025-03-31,Denmark,South America,957,6.667131113278528
2025-03-31,Finland,North America,2226,6.666866333223517
2025-03-31,Germany,Asia,26506,6.666666666666667
2025-03-31,Germany,Asia,1913,6.666899003275946
2025-03-31,Germany,Asia,32396,6.666666666666667
2025-03-31,Germany,Asia,4980,6.666666666666667
2025-03-31,India,Europe,8562,6.666666666666667
2025-03-31,Italy,Asia,16710,6.666693264285914
2025-03-31,Italy,North America,20815,6.666688018858255
2025-03-31,Italy,Asia,7818,6.666723516018726
2025-03-31,Italy,North America,17616,6.666666666666667
2025-03-31,Japan,Asia,1261,6.667019139261922
2025-03-31,Japan,Asia,20474,6.666688374485933
2025-03-31,Netherlands,North America,24889,6.666666666666667
2025-03-31,Netherlands,North America,541,6.666666666666667
2025-03-31,Netherlands,Europe,9706,6.666666666666667
2025-03-31,New Zealand,North America,1170,6.666666666666667
2025-03-31,Norway,Europe,43293,6.6666769326479765
2025-03-31,Norway,Europe,170,6.666666666666667
2025-03-31,Norway,Europe,3822,6.666782954525632
2025-03-31,South Korea,Oceania,10211,6.666710192995744
2025-03-31,South Korea,Asia,178,6.669164481079055
2025-03-31,South Korea,Oceania,1841,6.666908090099224
2025-03-31,South Korea,South America,14024,6.666666666666667
2025-03-31,South Korea,South America,28123,6.666666666666667
2025-03-31,South Korea,South America,4398,6.666666666666667
2025-04-30,Austria,Europe,34419,6.666666666666667
2025-04-30,Belgium,Oceania,3489,6.666666666666667
2025-04-30,Belgium,Oceania,1385,6.666666666666667
2025-04-30,Belgium,Oceania,2567,6.666839808851028
2025-04-30,Belgium,Oceania,387,6.667815299793246
2025-04-30,Belgium,Asia,1993,6.666666666666667
2025-04-30,Canada,Asia,1567,6.666666666666667
2025-04-30,Canada,Asia,3692,6.666787049242492
2025-04-30,Canada,South America,3484,6.666666666666667
2025-04-30,Denmark,South America,494,6.666666666666667
2025-04-30,Denmark,Asia,2820,6.666666666666667
2025-04-30,Denmark,Asia,5376,6.666666666666667
2025-04-30,Denmark,South America,33732,6.666666666666667
2025-04-30,Finland,North America,1491,6.666666666666667
2025-04-30,India,Europe,35336,6.66667924435749
2025-04-30,Italy,South America,115017,6.666666666666667
2025-04-30,Italy,North America,48340,6.666666666666667
2025-04-30,Italy,Asia,387,6.666666666666667
2025-04-30,Japan,North America,36383,6.666678882406403
2025-04-30,Netherlands,North America,2381,6.666853334826679
2025-04-30,Netherlands,Europe,6480,6.666666666666667
2025-04-30,Norway,Europe,3906,6.666666666666667
2025-04-30,Norway,Europe,53549,6.666666666666667
2025-04-30,South Korea,Asia,1007,6.666666666666667
2025-04-30,South Korea,South America,6058,6.666740032354268
2025-04-30,South Korea,Asia,381,6.667833391669584
2025-05-31,Australia,Asia,6306,6.666666666666667
2025-05-31,Austria,Europe,4493,6.666765587441019
2025-05-31,Belgium,Asia,9553,6.666666666666667
2025-05-31,Belgium,Asia,1756,6.666666666666667
2025-05-31,Canada,South America,4375,6.666768255516274
2025-05-31,Canada,Asia,12701,6.666701659720546
2025-05-31,Canada,South America,5840,6.666666666666667
2025-05-31,Canada,Asia,4481,6.666666666666667
2025-05-31,Canada,Asia,11141,6.666666666666667
2025-05-31,Canada,South America,30468,6.666681253952243
2025-05-31,Denmark,Asia,483,6.666666666666667
2025-05-31,Denmark,Asia,6880,6.666666666666667
2025-05-31,Denmark,Asia,2905,6.66681966310185
2025-05-31,Denmark,Asia,8968,6.666666666666667
2025-05-31,Denmark,Asia,9179,6.666715086720316
2025-05-31,Finland,North America,41709,6.666666666666667
2025-05-31,Germany,Asia,8901,6.6667165990083435
2025-05-31,India,Europe,119890,6.666670373770608
2025-05-31,Italy,North America,1729,6.666666666666667
2025-05-31,Italy,Asia,9326,6.666666666666667
2025-05-31,Italy,Asia,9568,6.666666666666667
2025-05-31,Japan,North America,467,6.667618503712164
2025-05-31,Japan,Asia,2834,6.666823496200805
2025-05-31,New Zealand,North America,8287,6.666666666666667
2025-05-31,Norway,Europe,6813,6.666666666666667
2025-05-31,South Korea,South America,7856,6.666666666666667
2025-05-31,South Korea,Oceania,4587,6.666763560258125
2025-06-30,Austria,Europe,11217,6.6667062893007
2025-06-30,Austria,Europe,48284,6.666666666666667
2025-06-30,Belgium,Asia,21055,6.666687775469882
2025-06-30,Belgium,Asia,12370,6.666666666666667
2025-06-30,Canada,South America,209,6.666666666666667
2025-06-30,Denmark,South America,1003,6.666666666666667
2025-06-30,Denmark,Asia,9266,6.666666666666667
2025-06-30,Denmark,Asia,1336,6.666666666666667
2025-06-30,Denmark,Asia,7270,6.666727801263653
2025-06-30,Finland,North America,6821,6.666666666666667
2025-06-30,Germany,Asia,9976,6.666711218332119
2025-06-30,Germany,Asia,13009,6.666666666666667
2025-06-30,India,Europe,42183,6.666677202786593
2025-06-30,India,Europe,2952,6.666817227127984
2025-06-30,India,Europe,788,6.6672307301802185
2025-06-30,India,Europe,109856,6.666666666666667
2025-06-30,Italy,South America,4837,6.666758552250737
2025-06-30,Italy,North America,5162,6.666666666666667
2025-06-30,Italy,Asia,6594,6.666734068689402
2025-06-30,Italy,Asia,3127,6.666666666666667
2025-06-30,Japan,Asia,471,6.6676104190260475
2025-06-30,Japan,North America,8882,6.6667167058223065
2025-06-30,Japan,Asia,2305,6.666859489790015
2025-06-30,Netherlands,North America,2989,6.666666666666667
2025-06-30,Netherlands,Europe,1288,6.666666666666667
2025-06-30,Netherlands,Europe,775,6.666666666666667
2025-06-30,South Korea,Asia,2790,6.666666666666667
2025-06-30,South Korea,Oceania,3433,6.666666666666667
2025-06-30,South Korea,Oceania,4387,6.666767977630538
2025-06-30,South Korea,South America,8353,6.666719874854343
2025-07-31,Australia,Asia,30386,6.666666666666667
2025-07-31,Belgium,Oceania,7600,6.666725146711813
2025-07-31,Canada,South America,1977,6.666666666666667
2025-07-31,Canada,South America,3112,6.666809486064397
2025-07-31,Canada,South America,31680,6.666680695876885
2025-07-31,Denmark,South America,1253,6.666666666666667
2025-07-31,Germany,Asia,6656,6.666733440839752
2025-07-31,Germany,Asia,2105,6.666877810857034
2025-07-31,Italy,South America,927,6.667146144994246
2025-07-31,Japan,North America,17858,6.666666666666667
2025-07-31,Netherlands,North America,8403,6.6667195582495
2025-07-31,Netherlands,North America,455,6.666666666666667
2025-07-31,New Zealand,North America,18038,6.666691306099369
2025-07-31,South Korea,South America,1083,6.667077074612164
2025-07-31,South Korea,Asia,22416,6.666666666666667
2025-08-31,Belgium,Oceania,2483,6.666666666666667
2025-08-31,Canada,Asia,4543,6.666764498708617
2025-08-31,Canada,Asia,43787,6.666666666666667
2025-08-31,Canada,Asia,57143,6.666666666666667
2025-08-31,Canada,Asia,1349,6.666996145102303
2025-08-31,Denmark,Asia,86,6.666666666666667
2025-08-31,Denmark,South America,97254,6.666666666666667
2025-08-31,Denmark,Asia,8054,6.666666666666667
2025-08-31,Denmark,Asia,2642,6.666666666666667
2025-08-31,Denmark,Asia,14654,6.666666666666667
2025-08-31,Denmark,Asia,27598,6.666666666666667
2025-08-31,Denmark,Asia,3620,6.666666666666667
2025-08-31,Denmark,Asia,73715,6.666672695898796
2025-08-31,Denmark,Asia,5352,6.666666666666667
2025-08-31,Denmark,South America,500,6.667555674089878
2025-08-31,Finland,North America,1238,6.667025687974581
2025-08-31,Finland,North America,3018,6.666813934480549
2025-08-31,Finland,North America,920,6.667149793463295
2025-08-31,Italy,North America,18067,6.666691266549571
2025-08-31,Italy,South America,13424,6.66669977502868
2025-08-31,Japan,North America,8106,6.666721496187977
2025-08-31,Japan,North America,679,6.667321288295365
2025-08-31,Japan,North America,6552,6.666666666666667
2025-08-31,Japan,North America,6786,6.666666666666667
2025-08-31,Netherlands,North America,5867,6.666666666666667
2025-08-31,Netherlands,North America,43788,6.666666666666667
2025-08-31,Netherlands,Europe,2102,6.666666666666667
2025-08-31,Netherlands,North America,920,6.667149793463295
2025-08-31,Netherlands,Europe,10674,6.666666666666667
2025-08-31,Norway,Europe,1980,6.666891141115862
2025-08-31,South Korea,Oceania,6796,6.666666666666667
2025-08-31,South Korea,South America,3899,6.666780657957733
2025-08-31,South Korea,Asia,9507,6.666713416173459
2025-08-31,South Korea,Asia,4561,6.666764112608531
2025-08-31,South Korea,Asia,6584,6.666666666666667
2025-09-30,Austria,Europe,1285,6.666666666666667
2025-09-30,Austria,Europe,5970,6.666741113803616
2025-09-30,Canada,South America,7187,6.66672850729101
2025-09-30,Canada,South America,2613,6.666666666666667
2025-09-30,Denmark,Asia,46038,6.666666666666667
2025-09-30,Germany,Asia,13038,6.666700755232169
2025-09-30,Germany,Asia,13394,6.666699849185452
2025-09-30,India,Europe,6612,6.666666666666667
2025-09-30,Italy,Asia,6390,6.666666666666667
2025-09-30,Italy,South America,151903,6.66666959251171
2025-09-30,Italy,South America,1180,6.666666666666667
2025-09-30,Italy,Asia,1301,6.66700830173209
2025-09-30,Japan,Asia,21713,6.666666666666667
2025-09-30,Japan,Asia,2304,6.666859573483029
2025-09-30,Netherlands,North America,5215,6.6667518920024555
2025-09-30,Netherlands,Europe,17095,6.666692665273141
2025-09-30,New Zealand,North America,6199,6.666738363589435
2025-09-30,Norway,Europe,14741,6.666666666666667
2025-09-30,South Korea,South America,19268,6.666666666666667
2025-09-30,South Korea,Oceania,12381,6.666702564157791
2025-09-30,South Korea,South America,4804,6.6667591834468976
2025-09-30,South Korea,Asia,30135,6.6666814151460985
2025-10-31,Belgium,Oceania,4536,6.666666666666667
2025-10-31,Belgium,Asia,96199,6.666671286722514
2025-10-31,Belgium,Asia,10228,6.666666666666667
2025-10-31,Canada,Asia,1497,6.666963569965262
2025-10-31,Canada,Asia,1650,6.666666666666667
2025-10-31,Denmark,Asia,8209,6.666720808225185
2025-10-31,Denmark,Asia,1377,6.666666666666667
2025-10-31,Denmark,Asia,8500,6.666666666666667
2025-10-31,Finland,North America,4109,6.666774832073206
2025-10-31,Finland,North America,17236,6.666666666666667
2025-10-31,Germany,Asia,1377,6.666666666666667
2025-10-31,India,Europe,2720,6.666666666666667
2025-10-31,India,Europe,6038,6.666666666666667
2025-10-31,Italy,South America,9589,6.6667130163938975
2025-10-31,Italy,Asia,15687,6.666666666666667
2025-10-31,Italy,Asia,4523,6.666666666666667
2025-10-31,Italy,South America,1469,6.666969229372787
2025-10-31,Netherlands,North America,13293,6.666666666666667
2025-10-31,New Zealand,North America,17568,6.666691965285236
2025-10-31,Norway,Europe,748,6.66726089669311
2025-10-31,South Korea,Oceania,13942,6.666666666666667
2025-10-31,South Korea,Oceania,2246,6.666864555196058
2025-10-31,South Korea,Asia,81260,6.666666666666667
