Date,Manufacturer,HQ,Units Sold,Revenue (M$)
2020-01-31,Ford,Germany,18305.0,823724.6712171247
2020-01-31,Polestar,Germany,10608.0,477360.0768621233
2020-01-31,Lucid,Germany,4441.0,199844.98599817534
2020-01-31,Lucid,USA,3987.0,179414.88909625515
2020-01-31,GM,Germany,2696.0,121320.0023356597
2020-01-31,Rivian,South Korea,2434.0,109529.86162986702
2020-01-31,Nissan,Japan,2121.0,95444.6760084899
2020-01-31,BYD,Sweden,986.0,44370.21161857489
2020-01-31,Hyundai,South Korea,480.0,21600.31414660313
2020-01-31,Mercedes-Benz,Sweden,243.0,10935.039708813625
2020-02-29,GM,Germany,33070.0,1488150.0872436736
2020-02-29,Polestar,Germany,27602.0,1242090.2471972837
2020-02-29,Rivian,South Korea,6032.0,271440.2783349021
2020-02-29,Polestar,China,5138.0,231209.99988669052
2020-02-29,Lucid,Germany,4799.0,215954.87023434864
2020-02-29,Mercedes-Benz,Sweden,2995.0,134775.0223518344
2020-02-29,Polestar,Sweden,1996.0,89819.7920425895
2020-02-29,Hyundai,South Korea,1819.0,81854.83578520206
2020-02-29,BYD,Sweden,498.0,22410.045620504254
2020-02-29,Lucid,USA,34.0,1530.2219209797038
2020-02-29,Nissan,Japan,24.0,1079.8655456582715
2020-02-29,Ford,Germany,23.0,1034.8248895885
2020-03-31,BYD,Sweden,58648.0,2639159.630504408
2020-03-31,Lucid,Germany,23010.0,1035450.1004764235
2020-03-31,Polestar,Sweden,11268.0,507059.8849026495
2020-03-31,Nissan,Japan,7619.0,342855.42421211617
2020-03-31,Polestar,Germany,3650.0,164250.11527019177
2020-03-31,Lucid,USA,3558.0,160109.96536289057
2020-03-31,Polestar,China,3447.0,155115.0004410954
2020-03-31,Kia,USA,2614.0,117630.16283764465
2020-03-31,Hyundai,South Korea,1535.0,69075.1641414868
2020-03-31,Rivian,South Korea,496.0,22320.138242697616
2020-04-30,Kia,USA,48784.0,2195280.7113028723
2020-04-30,Nissan,Japan,19212.0,864540.1279615826
2020-04-30,BYD,Sweden,12786.0,575370.0571164704
2020-04-30,Mercedes-Benz,Sweden,8278.0,372510.0575918039
2020-04-30,Lucid,Germany,4346.0,195569.91149724164
2020-04-30,Polestar,Sweden,4051.0,182294.67842672783
2020-04-30,Lucid,USA,1967.0,88514.82760865148
2020-04-30,Polestar,Germany,862.0,38789.8360518555
2020-04-30,Polestar,China,633.0,28484.714674507017
2020-04-30,Hyundai,South Korea,383.0,17235.125831449648
2020-04-30,GM,Germany,298.0,13410.413777812959
2020-04-30,Rivian,South Korea,290.0,13049.883214186544
2020-05-31,Ford,Germany,5801.0,261045.1816741552
2020-05-31,Polestar,Sweden,4395.0,197774.80829164377
2020-05-31,Polestar,China,2295.0,103274.99750289586
2020-05-31,Rivian,South Korea,2202.0,99089.99362689863
2020-05-31,Kia,USA,1750.0,78750.10051940432
2020-05-31,Hyundai,South Korea,1499.0,67455.22312523166
2020-05-31,Lucid,Germany,777.0,34965.09938682338
2020-05-31,Nissan,Japan,544.0,24480.143658515237
2020-05-31,Lucid,USA,210.0,9450.278635898423
2020-05-31,Polestar,Germany,201.0,9044.865319512806
2020-06-30,Rivian,South Korea,39524.0,1778579.7416166465
2020-06-30,Nissan,Japan,11462.0,515789.9831229453
2020-06-30,Lucid,Germany,8496.0,382319.61919455347
2020-06-30,Polestar,Sweden,8464.0,380879.8324126026
2020-06-30,Polestar,Germany,4112.0,185039.38469375702
2020-06-30,BYD,Sweden,2411.0,108495.14540051106
2020-06-30,Kia,USA,2288.0,102960.28244672672
2020-06-30,Mercedes-Benz,Sweden,1981.0,89145.1613030411
2020-06-30,GM,Germany,1354.0,60930.04870264581
2020-06-30,Ford,Germany,866.0,38970.030817633684
2020-06-30,Polestar,China,643.0,28934.800330793234
2020-06-30,Lucid,USA,123.0,5535.071290301647
2020-07-31,Nissan,Japan,45707.0,2056815.000769488
2020-07-31,Hyundai,South Korea,14711.0,661995.4632082995
2020-07-31,GM,Germany,5356.0,241019.80159897407
2020-07-31,BYD,Sweden,1776.0,79919.9071737629
2020-07-31,Ford,Germany,1279.0,57554.95142227634
2020-07-31,Kia,USA,734.0,33030.429605886915
2020-07-31,Mercedes-Benz,Sweden,390.0,17550.088973798942
2020-07-31,Lucid,Germany,283.0,12734.788182806227
2020-07-31,Polestar,Sweden,251.0,11294.847546499579
2020-07-31,Polestar,China,33.0,1485.0587444736093
2020-08-31,Kia,USA,69283.0,3117734.9432409885
2020-08-31,Polestar,Germany,23508.0,1057860.1134161262
2020-08-31,Rivian,South Korea,20543.0,924434.8025881634
2020-08-31,Ford,Germany,2822.0,126990.12060121047
2020-08-31,BYD,Sweden,2732.0,122939.95928976602
2020-08-31,Polestar,China,2645.0,119024.79329080801
2020-08-31,Hyundai,South Korea,1186.0,53369.787118633256
2020-08-31,Polestar,Sweden,626.0,28170.31443014897
2020-08-31,GM,Germany,561.0,25245.16390335784
2020-08-31,Mercedes-Benz,Sweden,313.0,14084.98259849099
2020-08-31,Lucid,Germany,56.0,2519.7799840750313
2020-09-30,Rivian,South Korea,8514.0,383130.155147951
2020-09-30,Polestar,China,4412.0,198540.06748960644
2020-09-30,Polestar,Germany,4071.0,183194.9841623412
2020-09-30,GM,Germany,4063.0,182834.49648685346
2020-09-30,Polestar,Sweden,3082.0,138689.907831565
2020-09-30,Ford,Germany,2437.0,109665.25724332337
2020-09-30,Kia,USA,2297.0,103364.99710685636
2020-09-30,Mercedes-Benz,Sweden,1773.0,79785.18926131283
2020-09-30,BYD,Sweden,661.0,29744.940141657942
2020-09-30,Lucid,USA,545.0,24524.878577132036
2020-09-30,Nissan,Japan,402.0,18090.020999402746
2020-09-30,Lucid,Germany,115.0,5175.08000290609
2020-10-31,Nissan,Japan,114913.0,5171084.69243511
2020-10-31,GM,Germany,16962.0,763289.9297402323
2020-10-31,BYD,Sweden,14005.0,630225.0259267458
2020-10-31,Lucid,Germany,7298.0,328409.8126957598
2020-10-31,Lucid,USA,2366.0,106469.60615567464
2020-10-31,Kia,USA,1626.0,73169.99377864183
2020-10-31,Polestar,Sweden,654.0,29429.856513883595
2020-10-31,Mercedes-Benz,Sweden,376.0,16919.88030238263
2020-10-31,Hyundai,South Korea,296.0,13320.15127041624
2020-11-30,Lucid,Germany,49442.0,2224890.501650542
2020-11-30,BYD,Sweden,28426.0,1279169.817809459
2020-11-30,Nissan,Japan,15868.0,714059.899081883
2020-11-30,Lucid,USA,6390.0,287549.6906673543
2020-11-30,Kia,USA,6212.0,279540.2042076259
2020-11-30,Polestar,Germany,4542.0,204390.20342132257
2020-11-30,Polestar,China,3479.0,156554.78361321642
2020-11-30,Mercedes-Benz,Sweden,3364.0,151380.00496664792
2020-11-30,Rivian,South Korea,3051.0,137294.86472865776
2020-11-30,Ford,Germany,2767.0,124514.84290146652
2020-11-30,Polestar,Sweden,2754.0,123930.0291112414
2020-11-30,Hyundai,South Korea,697.0,31364.865205503997
2020-11-30,GM,Germany,210.0,9450.373889529237
2020-12-31,Lucid,USA,61253.0,2756384.5405625724
2020-12-31,Lucid,Germany,42050.0,1892250.2926034934
2020-12-31,BYD,Sweden,6685.0,300824.64071176975
2020-12-31,Polestar,Germany,3397.0,152865.0160897478
2020-12-31,Nissan,Japan,3353.0,150884.98215591186
2020-12-31,Rivian,South Korea,1146.0,51570.12588572449
2020-12-31,Mercedes-Benz,Sweden,1047.0,47114.980388561795
2020-12-31,Ford,Germany,718.0,32310.064881808798
2020-12-31,Polestar,Sweden,382.0,17189.649126183718
2020-12-31,GM,Germany,304.0,13679.804093019977
2020-12-31,Polestar,China,114.0,5129.995731348443
2021-01-31,Polestar,China,8425.0,379124.7138807032
2021-01-31,Kia,USA,7355.0,330974.90203998494
2021-01-31,BYD,Sweden,7146.0,321569.6693397675
2021-01-31,Polestar,Sweden,3574.0,160830.00779193718
2021-01-31,Nissan,Japan,2116.0,95220.10550045248
2021-01-31,Lucid,Germany,1744.0,78480.41218359864
2021-01-31,Ford,Germany,1028.0,46259.80777759654
2021-01-31,Mercedes-Benz,Sweden,644.0,28979.974817515445
2021-01-31,Polestar,Germany,91.0,4094.9745957952277
2021-01-31,GM,Germany,44.0,1980.0419326873343
2021-02-28,Ford,Germany,24600.0,1106999.921900658
2021-02-28,GM,Germany,6533.0,293984.7459120149
2021-02-28,Polestar,Sweden,2561.0,115244.85293128155
2021-02-28,Lucid,USA,2282.0,102689.50062691169
2021-02-28,Mercedes-Benz,Sweden,1424.0,64080.32367542592
2021-02-28,BYD,Sweden,549.0,24704.77472485388
2021-02-28,Nissan,Japan,449.0,20205.116533082484
2021-02-28,Polestar,Germany,239.0,10755.262492277416
2021-02-28,Lucid,Germany,80.0,3600.175421077447
2021-03-31,Kia,USA,10528.0,473759.99352204194
2021-03-31,BYD,Sweden,8203.0,369134.8567918925
2021-03-31,Rivian,South Korea,8115.0,365174.75876049616
2021-03-31,Ford,Germany,6571.0,295695.0049817022
2021-03-31,Polestar,Germany,2864.0,128879.83484328886
2021-03-31,Polestar,Sweden,1248.0,56160.34543206124
2021-03-31,Hyundai,South Korea,1082.0,48690.187478198124
2021-03-31,Nissan,Japan,1068.0,48059.889104453956
2021-03-31,Mercedes-Benz,Sweden,240.0,10800.049804987162
2021-03-31,Lucid,Germany,216.0,9720.340778565438
2021-04-30,Polestar,Germany,8939.0,402255.20100488537
2021-04-30,Mercedes-Benz,Sweden,5596.0,251820.0392248601
2021-04-30,Lucid,Germany,3472.0,156240.05646034752
2021-04-30,Hyundai,South Korea,1972.0,88740.02605503159
2021-04-30,Nissan,Japan,1798.0,80909.82971012348
2021-04-30,Rivian,South Korea,1737.0,78165.16832508816
2021-04-30,BYD,Sweden,663.0,29834.806995440907
2021-04-30,Kia,USA,495.0,22275.035971766538
2021-04-30,Polestar,Sweden,419.0,18854.820133166922
2021-04-30,GM,Germany,62.0,2789.7743065113273
2021-04-30,Lucid,USA,49.0,2205.1194405256365
2021-05-31,Mercedes-Benz,Sweden,103954.0,4677930.086974425
2021-05-31,Ford,Germany,8521.0,383444.8667206509
2021-05-31,Rivian,South Korea,7637.0,343665.2877638625
2021-05-31,Nissan,Japan,6735.0,303075.2034775661
2021-05-31,Polestar,Germany,2056.0,92519.72781332431
2021-05-31,Lucid,Germany,1684.0,75780.18052407636
2021-05-31,GM,Germany,1012.0,45539.91819197366
2021-05-31,Lucid,USA,716.0,32219.778097530903
2021-05-31,Polestar,Sweden,471.0,21194.835429283507
2021-05-31,Hyundai,South Korea,399.0,17954.838776253717
2021-05-31,BYD,Sweden,10.0,450.00328891209875
2021-06-30,Lucid,Germany,33421.0,1503945.0616464235
2021-06-30,Ford,Germany,14443.0,649935.0889444865
2021-06-30,Nissan,Japan,6197.0,278864.8068335576
2021-06-30,Polestar,China,2807.0,126314.8938469021
2021-06-30,Polestar,Germany,2519.0,113355.34828250672
2021-06-30,BYD,Sweden,2465.0,110924.71522091862
2021-06-30,Kia,USA,820.0,36899.7977974833
2021-06-30,Rivian,South Korea,453.0,20385.050851339518
2021-06-30,Lucid,USA,298.0,13410.066372026304
2021-06-30,GM,Germany,106.0,4770.076233889072
2021-07-31,Lucid,Germany,14842.0,667890.2330516602
2021-07-31,Kia,USA,7863.0,353835.142577685
2021-07-31,BYD,Sweden,7661.0,344744.7400515164
2021-07-31,GM,Germany,7603.0,342135.06659000344
2021-07-31,Lucid,USA,3956.0,178019.32304970588
2021-07-31,Polestar,China,1560.0,70200.11428192149
2021-07-31,Polestar,Germany,722.0,32490.07281461988
2021-07-31,Ford,Germany,517.0,23265.09491539772
2021-07-31,Mercedes-Benz,Sweden,328.0,14759.76848225616
2021-07-31,Rivian,South Korea,288.0,12959.91039215316
2021-07-31,Nissan,Japan,236.0,10619.842777350505
2021-08-31,Polestar,China,64165.0,2887424.8633476202
2021-08-31,Kia,USA,18789.0,845504.8626560154
2021-08-31,Ford,Germany,17190.0,773549.6946522229
2021-08-31,BYD,Sweden,11807.0,531315.2296574906
2021-08-31,Hyundai,South Korea,4130.0,185850.20253338726
2021-08-31,Polestar,Sweden,3868.0,174059.62510518357
2021-08-31,GM,Germany,1527.0,68714.98284452305
2021-08-31,Rivian,South Korea,1109.0,49904.973937082555
2021-08-31,Mercedes-Benz,Sweden,590.0,26549.87325077625
2021-08-31,Polestar,Germany,378.0,17010.035219899
2021-08-31,Lucid,Germany,147.0,6615.136374442411
2021-09-30,Lucid,USA,102941.0,4632344.676405335
2021-09-30,Rivian,South Korea,19576.0,880919.7716054888
2021-09-30,Polestar,Germany,9483.0,426734.8432615174
2021-09-30,Polestar,China,6122.0,275490.02868608286
2021-09-30,Hyundai,South Korea,4264.0,191879.88336292483
2021-09-30,Polestar,Sweden,3508.0,157859.99380581648
2021-09-30,BYD,Sweden,3033.0,136485.14440273363
2021-09-30,Kia,USA,1809.0,81405.25095973046
2021-09-30,Lucid,Germany,1397.0,62864.96739946229
2021-09-30,Nissan,Japan,587.0,26414.94815170895
2021-09-30,Mercedes-Benz,Sweden,280.0,12600.60346618119
2021-09-30,GM,Germany,57.0,2564.9566238215216
2021-10-31,Mercedes-Benz,Sweden,23079.0,1038554.8958565623
2021-10-31,BYD,Sweden,20253.0,911384.7138499108
2021-10-31,Hyundai,South Korea,8328.0,374760.28790379944
2021-10-31,Ford,Germany,7733.0,347985.01379864616
2021-10-31,Polestar,Sweden,5556.0,250019.6691069881
2021-10-31,Polestar,China,5027.0,226214.8422714744
2021-10-31,Lucid,Germany,3270.0,147150.48264675404
2021-10-31,GM,Germany,3155.0,141974.492226024
2021-10-31,Nissan,Japan,2961.0,133245.6358477604
2021-10-31,Lucid,USA,1156.0,52020.13481447629
2021-10-31,Rivian,South Korea,780.0,35100.02874781845
2021-11-30,Kia,USA,94515.0,4253175.128148971
2021-11-30,BYD,Sweden,15486.0,696870.2491920117
2021-11-30,Polestar,Sweden,14142.0,636390.3677461994
2021-11-30,Polestar,Germany,11256.0,506519.93674240157
2021-11-30,Ford,Germany,7592.0,341639.6751751323
2021-11-30,Nissan,Japan,7190.0,323550.1575158235
2021-11-30,Polestar,China,4801.0,216044.83914409578
2021-11-30,Hyundai,South Korea,2921.0,131444.9739727664
2021-11-30,Mercedes-Benz,Sweden,2859.0,128654.93971746822
2021-11-30,Rivian,South Korea,1574.0,70829.89106291594
2021-11-30,Lucid,Germany,340.0,15300.276620251101
2021-12-31,Rivian,South Korea,129138.0,5811210.319476837
2021-12-31,Polestar,Germany,59212.0,2664540.1236861343
2021-12-31,Lucid,Germany,13838.0,622709.9097530615
2021-12-31,Nissan,Japan,11830.0,532350.1222716706
2021-12-31,Mercedes-Benz,Sweden,9844.0,442979.9464358762
2021-12-31,Lucid,USA,8996.0,404820.0028759698
2021-12-31,Polestar,China,8463.0,380835.4612244661
2021-12-31,BYD,Sweden,7502.0,337589.4654925402
2021-12-31,Hyundai,South Korea,2549.0,114705.21410423346
2021-12-31,Ford,Germany,1824.0,82080.25285330496
2021-12-31,Kia,USA,146.0,6570.224500578596
2021-12-31,Polestar,Sweden,68.0,3059.9920661756614
2022-01-31,Lucid,USA,45330.0,2039850.2346987303
2022-01-31,Ford,Germany,8583.0,386234.7418410806
2022-01-31,Hyundai,South Korea,6254.0,281429.41179542604
2022-01-31,Polestar,China,3213.0,144585.4277251666
2022-01-31,Lucid,Germany,2548.0,114660.1102067313
2022-01-31,BYD,Sweden,2482.0,111689.72618207634
2022-01-31,Nissan,Japan,1176.0,52920.123739194394
2022-01-31,Rivian,South Korea,638.0,28710.11454682926
2022-01-31,Mercedes-Benz,Sweden,590.0,26549.9852323546
2022-01-31,Polestar,Germany,580.0,26100.013397180515
2022-01-31,Kia,USA,338.0,15210.110604842723
2022-01-31,GM,Germany,12.0,539.9286158301122
2022-02-28,BYD,Sweden,21846.0,983069.8782579458
2022-02-28,Hyundai,South Korea,21258.0,956609.9639477299
2022-02-28,Lucid,USA,11644.0,523980.08205792576
2022-02-28,Mercedes-Benz,Sweden,8072.0,363239.8027821198
2022-02-28,Polestar,China,2090.0,94050.0086736365
2022-02-28,GM,Germany,1835.0,82574.98675902521
2022-02-28,Kia,USA,1371.0,61695.20206700955
2022-02-28,Polestar,Sweden,1196.0,53820.10689089677
2022-02-28,Ford,Germany,458.0,20610.08303579184
2022-02-28,Polestar,Germany,400.0,18000.09578923434
2022-02-28,Lucid,Germany,91.0,4095.3010966769198
2022-02-28,Nissan,Japan,66.0,2969.9924311313785
2022-03-31,Lucid,USA,18484.0,831780.0597051176
2022-03-31,BYD,Sweden,11781.0,530144.9539218947
2022-03-31,Hyundai,South Korea,9756.0,439020.2170306599
2022-03-31,Kia,USA,8197.0,368864.9530880983
2022-03-31,Nissan,Japan,7575.0,340874.93296486395
2022-03-31,Mercedes-Benz,Sweden,3489.0,157005.08266974607
2022-03-31,Polestar,Sweden,1477.0,66464.96130426884
2022-03-31,Rivian,South Korea,1268.0,57060.04330547832
2022-03-31,GM,Germany,1237.0,55665.2447509342
2022-03-31,Lucid,Germany,570.0,25650.2778162518
2022-03-31,Polestar,Germany,207.0,9315.009766138515
2022-04-30,Lucid,USA,15837.0,712665.0019475452
2022-04-30,Polestar,Germany,3359.0,151155.14578107512
2022-04-30,Polestar,China,3199.0,143954.84553016053
2022-04-30,Hyundai,South Korea,1619.0,72854.85861244905
2022-04-30,Ford,Germany,1001.0,45045.1489065697
2022-04-30,Polestar,Sweden,760.0,34200.345563767514
2022-04-30,BYD,Sweden,344.0,15479.956562480244
2022-04-30,Mercedes-Benz,Sweden,39.0,1755.1237766642607
2022-05-31,BYD,Sweden,39691.0,1786094.6135611015
2022-05-31,Lucid,Germany,36812.0,1656540.4099288324
2022-05-31,Nissan,Japan,7773.0,349784.8827054748
2022-05-31,Ford,Germany,3674.0,165329.97401478566
2022-05-31,Rivian,South Korea,2975.0,133874.77588232743
2022-05-31,GM,Germany,2598.0,116909.92564771083
2022-05-31,Polestar,Sweden,2369.0,106604.99981322534
2022-05-31,Polestar,Germany,1146.0,51570.009877021286
2022-05-31,Hyundai,South Korea,1068.0,48059.98282175435
2022-05-31,Polestar,China,167.0,7515.098006124979
2022-05-31,Mercedes-Benz,Sweden,27.0,1214.7336748812172
2022-06-30,Polestar,China,10453.0,470384.73397309467
2022-06-30,Mercedes-Benz,Sweden,8893.0,400184.95862768596
2022-06-30,GM,Germany,6855.0,308474.9701691683
2022-06-30,Polestar,Sweden,6594.0,296730.418895754
2022-06-30,BYD,Sweden,3449.0,155204.96795097413
2022-06-30,Lucid,Germany,3429.0,154304.8685635134
2022-06-30,Lucid,USA,3260.0,146699.84677080566
2022-06-30,Ford,Germany,2228.0,100260.17365546244
2022-06-30,Kia,USA,1447.0,65115.03330482877
2022-06-30,Rivian,South Korea,1234.0,55530.00981843876
2022-06-30,Nissan,Japan,147.0,6615.075282119746
2022-06-30,Polestar,Germany,132.0,5939.907103216552
2022-06-30,Hyundai,South Korea,112.0,5039.9791886378425
2022-07-31,BYD,Sweden,11250.0,506249.75560658216
2022-07-31,Ford,Germany,7792.0,350639.9168346487
2022-07-31,GM,Germany,6017.0,270764.80726770475
2022-07-31,Hyundai,South Korea,3325.0,149625.10549722455
2022-07-31,Lucid,Germany,1530.0,68849.99712113502
2022-07-31,Polestar,Germany,1343.0,60434.86917927086
2022-07-31,Polestar,Sweden,1231.0,55395.125458411225
2022-07-31,Kia,USA,541.0,24345.05029802664
2022-07-31,Rivian,South Korea,141.0,6345.11162802832
2022-08-31,Polestar,Germany,24446.0,1100070.5414217091
2022-08-31,Rivian,South Korea,1117.0,50265.08175250503
2022-08-31,GM,Germany,1076.0,48420.05888947854
2022-08-31,Ford,Germany,766.0,34470.07050228204
2022-08-31,BYD,Sweden,614.0,27629.96813347217
2022-08-31,Nissan,Japan,590.0,26549.87528265315
2022-08-31,Mercedes-Benz,Sweden,525.0,23625.161042658026
2022-08-31,Kia,USA,240.0,10799.92742225201
2022-08-31,Polestar,Sweden,180.0,8099.931949232991
2022-08-31,Polestar,China,8.0,360.10384331160395
2022-09-30,BYD,Sweden,34674.0,1560330.1914781246
2022-09-30,Ford,Germany,7987.0,359415.00429682445
2022-09-30,Nissan,Japan,4192.0,188640.31950155925
2022-09-30,Lucid,USA,1179.0,53054.91601191343
2022-09-30,Polestar,Germany,1127.0,50714.894593639845
2022-09-30,Hyundai,South Korea,1061.0,47744.94313507279
2022-09-30,Mercedes-Benz,Sweden,1028.0,46259.720013439764
2022-09-30,Rivian,South Korea,962.0,43289.76071715892
2022-09-30,Kia,USA,140.0,6300.07341982629
2022-09-30,Lucid,Germany,75.0,3374.9883867274384
2022-09-30,GM,Germany,69.0,3104.957310973518
2022-09-30,Polestar,Sweden,20.0,900.0404972579239
2022-10-31,BYD,Sweden,33997.0,1529865.0201180503
2022-10-31,Rivian,South Korea,12184.0,548279.947885796
2022-10-31,Lucid,Germany,1378.0,62010.112926994094
2022-10-31,Lucid,USA,410.0,18449.878261685422
2022-10-31,Nissan,Japan,359.0,16155.183139689827
2022-10-31,Kia,USA,267.0,12014.657432340837
2022-10-31,Polestar,Sweden,234.0,10529.85160572967
2022-10-31,Ford,Germany,70.0,3149.9677740322704
2022-11-30,Nissan,Japan,11386.0,512369.82441026845
2022-11-30,Kia,USA,9385.0,422325.55646962207
2022-11-30,GM,Germany,9318.0,419309.948236123
2022-11-30,Lucid,Germany,8107.0,364815.06772449915
2022-11-30,Hyundai,South Korea,6075.0,273375.12382238574
2022-11-30,Lucid,USA,4357.0,196064.80760834675
2022-11-30,Polestar,China,2215.0,99675.04266406762
2022-11-30,Mercedes-Benz,Sweden,1391.0,62595.2651656755
2022-11-30,Rivian,South Korea,970.0,43650.10533315166
2022-11-30,Ford,Germany,596.0,26820.084647878204
2022-11-30,Polestar,Germany,565.0,25425.11215095377
2022-11-30,BYD,Sweden,286.0,12869.98511298933
2022-12-31,Polestar,Germany,44939.0,2022255.3810486281
2022-12-31,Hyundai,South Korea,12576.0,565920.3988180383
2022-12-31,Lucid,Germany,7619.0,342855.2524187971
2022-12-31,Mercedes-Benz,Sweden,5392.0,242640.12955472816
2022-12-31,BYD,Sweden,2781.0,125145.01175188506
2022-12-31,Lucid,USA,1639.0,73754.96902714758
2022-12-31,Kia,USA,1124.0,50580.34891470736
2022-12-31,Rivian,South Korea,703.0,31634.80273298519
2022-12-31,Ford,Germany,641.0,28844.891796852735
2022-12-31,Nissan,Japan,489.0,22004.7966482586
2023-01-31,Rivian,South Korea,32993.0,1484684.5381626214
2023-01-31,Hyundai,South Korea,5623.0,253035.21431075092
2023-01-31,Polestar,Germany,3743.0,168434.79351557192
2023-01-31,Nissan,Japan,3623.0,163035.13926001644
2023-01-31,Lucid,Germany,1785.0,80325.09646403122
2023-01-31,Polestar,Sweden,1698.0,76410.09784580058
2023-01-31,GM,Germany,1652.0,74339.96292448846
2023-01-31,Kia,USA,1564.0,70380.25268148271
2023-01-31,BYD,Sweden,1438.0,64709.39090665842
2023-01-31,Mercedes-Benz,Sweden,597.0,26864.814746195374
2023-01-31,Lucid,USA,375.0,16875.401937533607
2023-01-31,Ford,Germany,269.0,12105.374194067961
2023-02-28,Ford,Germany,8073.0,363285.13479352195
2023-02-28,Polestar,Germany,5098.0,229409.6889478616
2023-02-28,Lucid,Germany,4994.0,224729.94916165157
2023-02-28,Mercedes-Benz,Sweden,4333.0,194984.99062905466
2023-02-28,BYD,Sweden,3015.0,135674.9602438449
2023-02-28,Polestar,China,2486.0,111869.56791738735
2023-02-28,Kia,USA,984.0,44279.92708280623
2023-02-28,Hyundai,South Korea,957.0,43064.84796869172
2023-02-28,GM,Germany,801.0,36045.00834317842
2023-02-28,Nissan,Japan,497.0,22364.54221082428
2023-03-31,Nissan,Japan,25454.0,1145429.783139527
2023-03-31,BYD,Sweden,19859.0,893655.0058846138
2023-03-31,Mercedes-Benz,Sweden,16010.0,720450.1819587512
2023-03-31,Kia,USA,12470.0,561149.7089115715
2023-03-31,Polestar,Sweden,6073.0,273284.9982551843
2023-03-31,Polestar,Germany,4793.0,215685.5029807471
2023-03-31,Polestar,China,4574.0,205829.87045660886
2023-03-31,Hyundai,South Korea,1837.0,82665.27105252907
2023-03-31,Lucid,USA,880.0,39600.18308285329
2023-03-31,Ford,Germany,805.0,36224.78196911355
2023-03-31,GM,Germany,649.0,29204.921572187926
2023-03-31,Lucid,Germany,305.0,13725.066517525192
2023-03-31,Rivian,South Korea,133.0,5984.733228365418
2023-04-30,Lucid,Germany,16428.0,739259.4549584726
2023-04-30,Ford,Germany,10989.0,494504.91827857017
2023-04-30,Polestar,Germany,9562.0,430289.842371291
2023-04-30,Rivian,South Korea,6673.0,300284.61961330636
2023-04-30,Mercedes-Benz,Sweden,3262.0,146790.12516479957
2023-04-30,Polestar,China,2802.0,126090.10380772686
2023-04-30,Polestar,Sweden,2746.0,123569.8511469282
2023-04-30,BYD,Sweden,2547.0,114615.12633913854
2023-04-30,Lucid,USA,1414.0,63629.90495809658
2023-04-30,Nissan,Japan,443.0,19934.856001908378
2023-04-30,GM,Germany,21.0,944.8545931170836
2023-05-31,Mercedes-Benz,Sweden,106240.0,4780800.10675018
2023-05-31,BYD,Sweden,33617.0,1512765.036709741
2023-05-31,Rivian,South Korea,17526.0,788669.2960722349
2023-05-31,Polestar,Germany,13245.0,596025.2544916705
2023-05-31,Polestar,Sweden,12394.0,557730.3473849884
2023-05-31,Lucid,USA,3626.0,163169.58572771246
2023-05-31,Lucid,Germany,2809.0,126405.33851141806
2023-05-31,Ford,Germany,591.0,26594.897274759056
2023-05-31,GM,Germany,385.0,17325.089590485208
2023-05-31,Hyundai,South Korea,181.0,8145.2491962636295
2023-05-31,Polestar,China,34.0,1529.7079392244793
2023-06-30,Mercedes-Benz,Sweden,40787.0,1835415.1638385877
2023-06-30,Lucid,Germany,19310.0,868949.4049119469
2023-06-30,GM,Germany,8300.0,373499.9390257843
2023-06-30,Lucid,USA,6242.0,280889.6748994783
2023-06-30,Polestar,China,1738.0,78210.45527114924
2023-06-30,Polestar,Sweden,1218.0,54809.93149636523
2023-06-30,Hyundai,South Korea,637.0,28664.93801386742
2023-06-30,Ford,Germany,554.0,24930.025742978007
2023-06-30,Kia,USA,203.0,9134.861128659591
2023-06-30,BYD,Sweden,110.0,4950.099163780113
2023-06-30,Polestar,Germany,86.0,3869.911201143234
2023-07-31,Rivian,South Korea,17683.0,795735.4401583982
2023-07-31,Hyundai,South Korea,15520.0,698400.0692866405
2023-07-31,Lucid,Germany,6949.0,312705.2675433358
2023-07-31,Polestar,China,2010.0,90449.88523802337
2023-07-31,BYD,Sweden,1766.0,79469.7704662792
2023-07-31,Polestar,Sweden,1253.0,56384.871849394236
2023-07-31,Lucid,USA,767.0,34515.19483456748
2023-07-31,Nissan,Japan,377.0,16964.953237109145
2023-07-31,Kia,USA,290.0,13050.323923512226
2023-07-31,Polestar,Germany,57.0,2564.94123776823
2023-08-31,Polestar,Sweden,49119.0,2210354.6586293923
2023-08-31,Lucid,USA,18413.0,828584.681879248
2023-08-31,Polestar,China,9244.0,415980.53742595663
2023-08-31,Lucid,Germany,7261.0,326744.9701415714
2023-08-31,Ford,Germany,7208.0,324359.8954479804
2023-08-31,Hyundai,South Korea,5540.0,249299.58745772025
2023-08-31,Nissan,Japan,5159.0,232154.8778856861
2023-08-31,BYD,Sweden,3988.0,179460.16486859357
2023-08-31,GM,Germany,2836.0,127620.04044740896
2023-08-31,Kia,USA,883.0,39734.924383984224
2023-08-31,Mercedes-Benz,Sweden,646.0,29069.703105562457
2023-08-31,Rivian,South Korea,30.0,1350.04162667072
2023-09-30,Rivian,South Korea,31496.0,1417319.9503754086
2023-09-30,Kia,USA,13975.0,628875.5080490217
2023-09-30,Lucid,USA,6372.0,286739.7723863837
2023-09-30,GM,Germany,5118.0,230310.17984792058
2023-09-30,Hyundai,South Korea,3818.0,171809.98064925015
2023-09-30,BYD,Sweden,2902.0,130589.77319437088
2023-09-30,Lucid,Germany,2825.0,127125.21435418715
2023-09-30,Nissan,Japan,1992.0,89639.73757558371
2023-09-30,Polestar,China,1619.0,72855.29280598278
2023-09-30,Polestar,Sweden,886.0,39870.10160496382
2023-09-30,Mercedes-Benz,Sweden,497.0,22364.737023164846
2023-09-30,Polestar,Germany,46.0,2070.0938984714853
2023-10-31,BYD,Sweden,24831.0,1117394.4155663732
2023-10-31,Ford,Germany,20233.0,910485.2857009484
2023-10-31,Nissan,Japan,8073.0,363284.85169755714
2023-10-31,Lucid,Germany,4646.0,209070.58621098287
2023-10-31,Mercedes-Benz,Sweden,4352.0,195839.75192286438
2023-10-31,Polestar,Germany,3615.0,162674.71537360447
2023-10-31,Rivian,South Korea,937.0,42165.132128311016
2023-10-31,GM,Germany,811.0,36494.86603543972
2023-10-31,Kia,USA,737.0,33164.998191943465
2023-10-31,Hyundai,South Korea,207.0,9314.879599019656
2023-10-31,Lucid,USA,15.0,675.0045659184343
2023-10-31,Polestar,China,11.0,495.0646534642432
2023-11-30,BYD,Sweden,52295.0,2353275.109164119
2023-11-30,Lucid,Germany,51279.0,2307555.0358391036
2023-11-30,Kia,USA,11125.0,500625.19449524995
2023-11-30,Polestar,Germany,5935.0,267075.0557796963
2023-11-30,Polestar,Sweden,1989.0,89505.1509992199
2023-11-30,Hyundai,South Korea,954.0,42930.07894344346
2023-11-30,Rivian,South Korea,898.0,40410.3013922588
2023-11-30,Lucid,USA,609.0,27405.046519720632
2023-11-30,Ford,Germany,538.0,24210.166784052515
2023-11-30,GM,Germany,337.0,15165.147738586817
2023-11-30,Mercedes-Benz,Sweden,160.0,7199.585295280302
2023-12-31,Lucid,USA,28489.0,1282004.799424904
2023-12-31,Nissan,Japan,17396.0,782820.0871334047
2023-12-31,Lucid,Germany,6108.0,274859.908771699
2023-12-31,Polestar,China,5399.0,242955.09826577266
2023-12-31,Polestar,Germany,4055.0,182474.96698989987
2023-12-31,GM,Germany,1289.0,58004.88070854198
2023-12-31,BYD,Sweden,1215.0,54674.58216153768
2023-12-31,Rivian,South Korea,1011.0,45494.718681210165
2023-12-31,Kia,USA,635.0,28575.159802756487
2023-12-31,Hyundai,South Korea,575.0,25874.76154198043
2023-12-31,Mercedes-Benz,Sweden,335.0,15075.154200029261
2023-12-31,Ford,Germany,303.0,13635.002151874502
2023-12-31,Polestar,Sweden,268.0,12059.85551341377
2024-01-31,Rivian,South Korea,23245.0,1046025.0632457508
2024-01-31,Polestar,Sweden,21427.0,964215.0337116707
2024-01-31,Hyundai,South Korea,16543.0,744435.1670103052
2024-01-31,GM,Germany,11341.0,510344.88260843174
2024-01-31,BYD,Sweden,8746.0,393570.27529020706
2024-01-31,Mercedes-Benz,Sweden,8257.0,371564.9517924205
2024-01-31,Ford,Germany,5612.0,252539.90853633004
2024-01-31,Polestar,Germany,3730.0,167849.92882750972
2024-01-31,Lucid,Germany,649.0,29204.830796953866
2024-01-31,Lucid,USA,316.0,14219.991228895251
2024-01-31,Polestar,China,263.0,11835.765539157877
2024-01-31,Kia,USA,130.0,5849.688027956263
2024-01-31,Nissan,Japan,95.0,4275.213444477778
2024-02-29,Rivian,South Korea,49261.0,2216745.3340778006
2024-02-29,Nissan,Japan,15541.0,699344.9567230504
2024-02-29,BYD,Sweden,5342.0,240389.8892398204
2024-02-29,Lucid,USA,4202.0,189089.5869473163
2024-02-29,Polestar,China,2566.0,115469.84538122056
2024-02-29,Lucid,Germany,1708.0,76859.93354064849
2024-02-29,Polestar,Sweden,1432.0,64440.11883316843
2024-02-29,Mercedes-Benz,Sweden,996.0,44820.16685072759
2024-02-29,Kia,USA,914.0,41129.780270944015
2024-02-29,GM,Germany,701.0,31544.76159767209
2024-02-29,Hyundai,South Korea,316.0,14219.947731019807
2024-03-31,BYD,Sweden,96335.0,4335075.176380933
2024-03-31,GM,Germany,53797.0,2420865.11286901
2024-03-31,Lucid,Germany,13992.0,629639.6151280447
2024-03-31,Mercedes-Benz,Sweden,11131.0,500894.8562678364
2024-03-31,Polestar,Sweden,8190.0,368549.81830982055
2024-03-31,Nissan,Japan,4229.0,190304.92474025892
2024-03-31,Polestar,China,2664.0,119879.85346437323
2024-03-31,Polestar,Germany,1800.0,80999.93183744559
2024-03-31,Lucid,USA,1216.0,54720.09938734277
2024-03-31,Ford,Germany,640.0,28799.73970878133
2024-03-31,Hyundai,South Korea,358.0,16109.944134170755
2024-04-30,Lucid,Germany,9034.0,406530.8859365057
2024-04-30,Polestar,Germany,5934.0,267030.26010113047
2024-04-30,GM,Germany,5876.0,264419.8427628832
2024-04-30,Hyundai,South Korea,5148.0,231660.18194364663
2024-04-30,BYD,Sweden,3641.0,163844.95977878355
2024-04-30,Mercedes-Benz,Sweden,278.0,12509.600160079868
2024-04-30,Polestar,Sweden,140.0,6299.990070966107
2024-04-30,Nissan,Japan,104.0,4680.076398945527
2024-04-30,Rivian,South Korea,61.0,2744.8310052959077
2024-04-30,Polestar,China,37.0,1665.0430837526271
2024-04-30,Lucid,USA,10.0,450.08617915126956
2024-05-31,Rivian,South Korea,2907.0,130814.75806204777
2024-05-31,Kia,USA,2887.0,129914.74350858199
2024-05-31,GM,Germany,2492.0,112140.17342494334
2024-05-31,Ford,Germany,1265.0,56924.90985904937
2024-05-31,BYD,Sweden,1002.0,45090.25536956399
2024-05-31,Polestar,China,712.0,32039.99309401254
2024-05-31,Polestar,Sweden,370.0,16649.944463675827
2024-05-31,Polestar,Germany,361.0,16245.14350051663
2024-05-31,Hyundai,South Korea,202.0,9089.976119500185
2024-05-31,Lucid,Germany,194.0,8729.919312530319
2024-05-31,Lucid,USA,107.0,4814.784761453486
2024-06-30,Lucid,Germany,111997.0,5039864.727776669
2024-06-30,Ford,Germany,52945.0,2382525.1728376993
2024-06-30,Lucid,USA,3274.0,147330.19122378904
2024-06-30,BYD,Sweden,1800.0,80999.86233714271
2024-06-30,Mercedes-Benz,Sweden,1787.0,80415.04558894437
2024-06-30,Polestar,Germany,1606.0,72270.23961297846
2024-06-30,Rivian,South Korea,359.0,16154.876873911891
2024-06-30,Polestar,China,139.0,6255.136071289846
2024-06-30,Nissan,Japan,39.0,1755.1445051580658
2024-06-30,Hyundai,South Korea,26.0,1169.82407403386
2024-07-31,Lucid,Germany,18446.0,830070.35316648
2024-07-31,Polestar,Germany,18109.0,814904.834958644
2024-07-31,Lucid,USA,6879.0,309554.84951408196
2024-07-31,Rivian,South Korea,6383.0,287234.73166085925
2024-07-31,BYD,Sweden,6295.0,283275.16004345706
2024-07-31,Kia,USA,4550.0,204750.10673885728
2024-07-31,Polestar,Sweden,4494.0,202230.039423936
2024-07-31,Mercedes-Benz,Sweden,4342.0,195390.02651392526
2024-07-31,Nissan,Japan,1904.0,85680.14861273923
2024-07-31,Polestar,China,1420.0,63899.97360276822
2024-07-31,GM,Germany,535.0,24075.0648018648
2024-07-31,Hyundai,South Korea,21.0,945.2131656449154
2024-08-31,Rivian,South Korea,11355.0,510974.721225359
2024-08-31,GM,Germany,6156.0,277019.7830655457
2024-08-31,Lucid,USA,5994.0,269730.0195751484
2024-08-31,BYD,Sweden,5803.0,261135.31301598292
2024-08-31,Lucid,Germany,4803.0,216135.00025150497
2024-08-31,Hyundai,South Korea,4521.0,203445.22501733724
2024-08-31,Mercedes-Benz,Sweden,4129.0,185804.50097306393
2024-08-31,Kia,USA,2162.0,97290.16641151565
2024-08-31,Polestar,Sweden,877.0,39464.98064547441
2024-08-31,Polestar,Germany,675.0,30374.948398381184
2024-09-30,Polestar,China,16046.0,722070.2942986205
2024-09-30,Polestar,Sweden,12425.0,559124.5682346408
2024-09-30,BYD,Sweden,12355.0,555975.325625784
2024-09-30,Polestar,Germany,7732.0,347940.1971372891
2024-09-30,Lucid,Germany,6742.0,303390.3672703615
2024-09-30,Lucid,USA,6058.0,272610.14125309273
2024-09-30,Ford,Germany,4104.0,184679.81318888135
2024-09-30,GM,Germany,1896.0,85319.91721565384
2024-09-30,Mercedes-Benz,Sweden,1281.0,57645.07447866188
2024-09-30,Kia,USA,1145.0,51524.87289038357
2024-09-30,Hyundai,South Korea,311.0,13994.893108943275
2024-09-30,Nissan,Japan,60.0,2700.0208603187725
2024-10-31,Hyundai,South Korea,28390.0,1277550.0831768985
2024-10-31,Polestar,Sweden,7487.0,336915.00043976353
2024-10-31,Ford,Germany,6304.0,283680.2933175102
2024-10-31,Polestar,China,4677.0,210465.19076787535
2024-10-31,Mercedes-Benz,Sweden,3801.0,171045.13734304218
2024-10-31,Lucid,Germany,3204.0,144180.0053928848
2024-10-31,Nissan,Japan,3080.0,138600.32273661136
2024-10-31,Rivian,South Korea,1983.0,89234.77813874285
2024-10-31,BYD,Sweden,1510.0,67949.96055850213
2024-10-31,Polestar,Germany,245.0,11025.045184372939
2024-10-31,Kia,USA,28.0,1260.3074746693399
2024-10-31,Lucid,USA,12.0,539.9537243362784
2024-11-30,Lucid,Germany,30503.0,1372635.187391778
2024-11-30,Polestar,Germany,29787.0,1340414.8467506287
2024-11-30,Kia,USA,10829.0,487305.0036701973
2024-11-30,Polestar,China,5622.0,252990.14519421436
2024-11-30,Rivian,South Korea,2298.0,103409.79627219542
2024-11-30,GM,Germany,1918.0,86309.73019125665
2024-11-30,Polestar,Sweden,1822.0,81990.20411211507
2024-11-30,Mercedes-Benz,Sweden,194.0,8729.941678792886
2024-11-30,Nissan,Japan,144.0,6479.720976681791
2024-11-30,Lucid,USA,141.0,6345.05475488505
2024-11-30,Ford,Germany,28.0,1259.8917790201165
2024-12-31,Polestar,China,31064.0,1397880.1810408246
2024-12-31,Lucid,Germany,29873.0,1344285.2588894549
2024-12-31,Kia,USA,2879.0,129555.02312585375
2024-12-31,BYD,Sweden,2037.0,91664.93548330893
2024-12-31,Ford,Germany,1955.0,87974.81382992047
2024-12-31,Rivian,South Korea,1440.0,64800.19425069634
2024-12-31,Hyundai,South Korea,1197.0,53864.831500840824
2024-12-31,Lucid,USA,1183.0,53235.191247414325
2024-12-31,GM,Germany,743.0,33434.965910117746
2024-12-31,Polestar,Sweden,211.0,9495.186283099243
2024-12-31,Nissan,Japan,152.0,6839.887374187411
2025-01-31,GM,Germany,7059.0,317654.7776944071
2025-01-31,Hyundai,South Korea,4228.0,190260.26534014195
2025-01-31,Lucid,USA,4061.0,182744.68076014103
2025-01-31,Kia,USA,4031.0,181395.01063256979
2025-01-31,Lucid,Germany,1278.0,57510.16334159439
2025-01-31,Nissan,Japan,1167.0,52514.96033606993
2025-01-31,Ford,Germany,1043.0,46935.253134629165
2025-01-31,Polestar,China,762.0,34290.344207321454
2025-01-31,Polestar,Sweden,585.0,26325.3108660458
2025-01-31,Mercedes-Benz,Sweden,502.0,22590.093833850206
2025-01-31,BYD,Sweden,289.0,13005.025440556139
2025-02-28,Lucid,Germany,20403.0,918135.0540033443
2025-02-28,Polestar,China,11867.0,534015.2549732771
2025-02-28,Kia,USA,9232.0,415439.85286213347
2025-02-28,Lucid,USA,8375.0,376875.29743913317
2025-02-28,BYD,Sweden,1405.0,63225.25546509923
2025-02-28,Nissan,Japan,1200.0,53999.89576107932
2025-02-28,Ford,Germany,549.0,24705.191755665342
2025-02-28,Polestar,Germany,396.0,17819.987299104505
2025-02-28,Hyundai,South Korea,387.0,17414.614968394213
2025-02-28,Rivian,South Korea,320.0,14400.303253036916
2025-02-28,Polestar,Sweden,154.0,6930.243018129776
2025-03-31,Polestar,Sweden,50471.0,2271195.196949759
2025-03-31,Polestar,China,29115.0,1310174.777767825
2025-03-31,Mercedes-Benz,Sweden,9069.0,408104.5970089753
2025-03-31,Ford,Germany,4859.0,218654.7800237841
2025-03-31,GM,Germany,1630.0,73349.4166563138
2025-03-31,Lucid,USA,1617.0,72765.25444964806
2025-03-31,Lucid,Germany,989.0,44505.32733204612
2025-03-31,Hyundai,South Korea,988.0,44459.8906361768
2025-03-31,Polestar,Germany,671.0,30194.956169983998
2025-03-31,BYD,Sweden,588.0,26459.797217332743
2025-04-30,GM,Germany,104238.0,4690710.127350627
2025-04-30,BYD,Sweden,15999.0,719955.0942802469
2025-04-30,Lucid,Germany,7310.0,328950.12423970277
2025-04-30,Polestar,Sweden,7282.0,327689.69917182554
2025-04-30,Polestar,Germany,4685.0,210825.1778232367
2025-04-30,Mercedes-Benz,Sweden,4422.0,198990.23558458325
2025-04-30,Lucid,USA,3866.0,173970.09264331803
2025-04-30,Ford,Germany,3584.0,161280.29260857924
2025-04-30,Hyundai,South Korea,2474.0,111329.97918968528
2025-04-30,Nissan,Japan,1619.0,72855.21447783546
2025-04-30,Rivian,South Korea,1343.0,60434.92341189479
2025-04-30,Polestar,China,526.0,23669.83537074953
2025-05-31,BYD,Sweden,56713.0,2552084.7030203054
2025-05-31,Hyundai,South Korea,22292.0,1003140.0947640513
2025-05-31,Mercedes-Benz,Sweden,11226.0,505169.7092206022
2025-05-31,Nissan,Japan,6454.0,290429.86072183057
2025-05-31,Kia,USA,3801.0,171045.19974280024
2025-05-31,Lucid,Germany,2443.0,109935.31932134792
2025-05-31,Polestar,Germany,1012.0,45539.81671873046
2025-05-31,GM,Germany,826.0,37169.66383184337
2025-05-31,Rivian,South Korea,485.0,21825.219093853702
2025-05-31,Polestar,China,274.0,12330.003397353383
2025-05-31,Polestar,Sweden,171.0,7695.100997827495
2025-05-31,Lucid,USA,39.0,1755.3258102503773
2025-06-30,Polestar,Sweden,41156.0,1852019.7845112903
2025-06-30,Lucid,USA,18898.0,850410.0732504609
2025-06-30,Hyundai,South Korea,10313.0,464084.7591222777
2025-06-30,Lucid,Germany,7305.0,328725.1036351426
2025-06-30,Kia,USA,3604.0,162180.0676318738
2025-06-30,Ford,Germany,2950.0,132749.62478083724
2025-06-30,Rivian,South Korea,2688.0,120960.03767110498
2025-06-30,Polestar,Germany,2132.0,95940.26303652288
2025-06-30,Nissan,Japan,681.0,30644.673679878437
2025-06-30,Mercedes-Benz,Sweden,341.0,15345.271541633329
2025-06-30,Polestar,China,180.0,8099.936084733546
2025-07-31,Kia,USA,40804.0,1836179.8061299187
2025-07-31,Lucid,Germany,20535.0,924075.3970977012
2025-07-31,GM,Germany,13620.0,612900.0919734734
2025-07-31,Rivian,South Korea,7978.0,359009.766175478
2025-07-31,Hyundai,South Korea,6266.0,281970.1410481068
2025-07-31,BYD,Sweden,3401.0,153044.92484359612
2025-07-31,Polestar,Germany,1688.0,75960.40656045242
2025-07-31,Polestar,Sweden,1662.0,74790.17450613038
2025-07-31,Mercedes-Benz,Sweden,811.0,36495.10909222378
2025-07-31,Ford,Germany,807.0,36314.8279558747
2025-07-31,Nissan,Japan,637.0,28665.07864335639
2025-07-31,Polestar,China,377.0,16965.10351590567
2025-08-31,Lucid,Germany,16180.0,728100.7020108318
2025-08-31,BYD,Sweden,13989.0,629505.3012596642
2025-08-31,Kia,USA,11783.0,530235.0926317668
2025-08-31,Ford,Germany,8143.0,366434.8688066328
2025-08-31,Polestar,China,2766.0,124469.90963332792
2025-08-31,Hyundai,South Korea,2012.0,90540.15308921298
2025-08-31,Nissan,Japan,1429.0,64304.84814743392
2025-08-31,Polestar,Germany,276.0,12420.322853373906
2025-08-31,Lucid,USA,36.0,1619.993087436496
2025-08-31,Rivian,South Korea,26.0,1170.0322193953475
2025-09-30,Polestar,Sweden,27857.0,1253565.5012433573
2025-09-30,BYD,Sweden,16453.0,740384.774793191
2025-09-30,Mercedes-Benz,Sweden,9222.0,414989.82074760104
2025-09-30,Lucid,Germany,4278.0,192509.97816306917
2025-09-30,GM,Germany,1100.0,49499.87570573117
2025-09-30,Rivian,South Korea,790.0,35549.78253016879
2025-09-30,Nissan,Japan,258.0,11609.862007860898
2025-09-30,Ford,Germany,72.0,3240.040224848281
2025-09-30,Polestar,Germany,58.0,2609.9740631435207
2025-09-30,Lucid,USA,9.0,404.9208055636921
2025-10-31,GM,Germany,52937.0,2382165.123233285
2025-10-31,Lucid,Germany,40517.0,1823264.626869317
2025-10-31,Ford,Germany,38721.0,1742444.9476491995
2025-10-31,Rivian,South Korea,12703.0,571634.8156144549
2025-10-31,Polestar,Germany,5235.0,235574.46085189402
2025-10-31,Hyundai,South Korea,2151.0,96794.96291573966
2025-10-31,Polestar,Sweden,1646.0,74069.81298651829
2025-10-31,Kia,USA,1441.0,64844.99821039538
2025-10-31,Lucid,USA,1107.0,49814.97027378505
2025-10-31,Nissan,Japan,917.0,41264.78944649959
2025-10-31,Mercedes-Benz,Sweden,850.0,38250.18478243314
2025-10-31,BYD,Sweden,522.0,23490.15840495758
2025-10-31,Polestar,China,227.0,10214.862711395488
